"candidate_id","candidate","kind","parameter","public_key_bytes","ciphertext_bytes","signature_bytes","runtime_status","reference_directory","source"
"sign-01","Aigis-Sig+","sig","Aigis-sig1","928","","2015","runnable","Implementations/Implementations/Reference_Implementation/Aigis-Sig+-I","https://www.niccs.org.cn/niccs/Round1Additional/pc/content/content_2101567126852161536.html"
"sign-01","Aigis-Sig+","sig","Aigis-sig2","1824","","4533","runnable","Implementations/Implementations/Reference_Implementation/Aigis-Sig+-II","https://www.niccs.org.cn/niccs/Round1Additional/pc/content/content_2101567126852161536.html"
"sign-01","Aigis-Sig+","sig","Aigis-sig3","4672","","9134","runnable","Implementations/Implementations/Reference_Implementation/Aigis-Sig+-III","https://www.niccs.org.cn/niccs/Round1Additional/pc/content/content_2101567126852161536.html"
"sign-02","BIT: Bimodal Triangular distribution based lattice signatures","sig","BiT-128","1048","","1504","runnable","Implementations/Reference_Implementation/BiT-128","https://www.niccs.org.cn/niccs/Round1Additional/pc/content/content_2101561076358926336.html"
"sign-02","BIT: Bimodal Triangular distribution based lattice signatures","sig","BiT-256","2144","","3456","runnable","Implementations/Reference_Implementation/BiT-256","https://www.niccs.org.cn/niccs/Round1Additional/pc/content/content_2101561076358926336.html"
"sign-02","BIT: Bimodal Triangular distribution based lattice signatures","sig","BiT-512","5056","","6695","runnable","Implementations/Reference_Implementation/BiT-512","https://www.niccs.org.cn/niccs/Round1Additional/pc/content/content_2101561076358926336.html"
"sign-03","CEDRUS+C","sig","CEDRUSC-160f","40","","19812","runnable","Implementations/Reference_Implementation/CEDRUSC-160f","https://www.niccs.org.cn/niccs/Round1Additional/pc/content/content_2101561076497338368.html"
"sign-03","CEDRUS+C","sig","CEDRUSC-160s","40","","9460","runnable","Implementations/Reference_Implementation/CEDRUSC-160s","https://www.niccs.org.cn/niccs/Round1Additional/pc/content/content_2101561076497338368.html"
"sign-03","CEDRUS+C","sig","CEDRUSC-256f","64","","43548","runnable","Implementations/Reference_Implementation/CEDRUSC-256f","https://www.niccs.org.cn/niccs/Round1Additional/pc/content/content_2101561076497338368.html"
"sign-03","CEDRUS+C","sig","CEDRUSC-256s","64","","24104","runnable","Implementations/Reference_Implementation/CEDRUSC-256s","https://www.niccs.org.cn/niccs/Round1Additional/pc/content/content_2101561076497338368.html"
"sign-03","CEDRUS+C","sig","CEDRUSC-384f","96","","75988","runnable","Implementations/Reference_Implementation/CEDRUSC-384f","https://www.niccs.org.cn/niccs/Round1Additional/pc/content/content_2101561076497338368.html"
"sign-03","CEDRUS+C","sig","CEDRUSC-384s","96","","61572","runnable","Implementations/Reference_Implementation/CEDRUSC-384s","https://www.niccs.org.cn/niccs/Round1Additional/pc/content/content_2101561076497338368.html"
"sign-03","CEDRUS+C","sig","CEDRUSC-512f","128","","121520","runnable","Implementations/Reference_Implementation/CEDRUSC-512f","https://www.niccs.org.cn/niccs/Round1Additional/pc/content/content_2101561076497338368.html"
"sign-03","CEDRUS+C","sig","CEDRUSC-512s","128","","98212","unavailable","Implementations/Reference_Implementation/CEDRUSC-512s","https://www.niccs.org.cn/niccs/Round1Additional/pc/content/content_2101561076497338368.html"
"sign-04","CEDRUSɑ","sig","CEDRUSALPHA-160f","40","","19420","runnable","Implementations/Reference_Implementation/CEDRUSALPHA-160f","https://www.niccs.org.cn/niccs/Round1Additional/pc/content/content_2101561076644139008.html"
"sign-04","CEDRUSɑ","sig","CEDRUSALPHA-160s","40","","10300","runnable","Implementations/Reference_Implementation/CEDRUSALPHA-160s","https://www.niccs.org.cn/niccs/Round1Additional/pc/content/content_2101561076644139008.html"
"sign-04","CEDRUSɑ","sig","CEDRUSALPHA-256f","64","","43296","runnable","Implementations/Reference_Implementation/CEDRUSALPHA-256f","https://www.niccs.org.cn/niccs/Round1Additional/pc/content/content_2101561076644139008.html"
"sign-04","CEDRUSɑ","sig","CEDRUSALPHA-256s","64","","25568","runnable","Implementations/Reference_Implementation/CEDRUSALPHA-256s","https://www.niccs.org.cn/niccs/Round1Additional/pc/content/content_2101561076644139008.html"
"sign-04","CEDRUSɑ","sig","CEDRUSALPHA-384f","96","","76176","runnable","Implementations/Reference_Implementation/CEDRUSALPHA-384f","https://www.niccs.org.cn/niccs/Round1Additional/pc/content/content_2101561076644139008.html"
"sign-04","CEDRUSɑ","sig","CEDRUSALPHA-384s","96","","60672","runnable","Implementations/Reference_Implementation/CEDRUSALPHA-384s","https://www.niccs.org.cn/niccs/Round1Additional/pc/content/content_2101561076644139008.html"
"sign-04","CEDRUSɑ","sig","CEDRUSALPHA-512f","128","","127488","runnable","Implementations/Reference_Implementation/CEDRUSALPHA-512f","https://www.niccs.org.cn/niccs/Round1Additional/pc/content/content_2101561076644139008.html"
"sign-04","CEDRUSɑ","sig","CEDRUSALPHA-512s","128","","98048","unavailable","Implementations/Reference_Implementation/CEDRUSALPHA-512s","https://www.niccs.org.cn/niccs/Round1Additional/pc/content/content_2101561076644139008.html"
"sign-05","Chinith","sig","sm4th_d3_128f_loose","32","","6724","unavailable","Implementations/Reference_Implementation/sm4th_d3_128f_loose","https://www.niccs.org.cn/niccs/Round1Additional/pc/content/content_2101561076774162432.html"
"sign-05","Chinith","sig","sm4th_d3_128f_tight","32","","11864","unavailable","Implementations/Reference_Implementation/sm4th_d3_128f_tight","https://www.niccs.org.cn/niccs/Round1Additional/pc/content/content_2101561076774162432.html"
"sign-05","Chinith","sig","sm4th_d3_128s_loose","32","","5056","unavailable","Implementations/Reference_Implementation/sm4th_d3_128s_loose","https://www.niccs.org.cn/niccs/Round1Additional/pc/content/content_2101561076774162432.html"
"sign-05","Chinith","sig","sm4th_d3_128s_tight","32","","9176","unavailable","Implementations/Reference_Implementation/sm4th_d3_128s_tight","https://www.niccs.org.cn/niccs/Round1Additional/pc/content/content_2101561076774162432.html"
"sign-05","Chinith","sig","sm4th_em_d2_128f_loose","32","","4932","unavailable","Implementations/Reference_Implementation/sm4th_em_d2_128f_loose","https://www.niccs.org.cn/niccs/Round1Additional/pc/content/content_2101561076774162432.html"
"sign-05","Chinith","sig","sm4th_em_d2_128f_tight","32","","9450","unavailable","Implementations/Reference_Implementation/sm4th_em_d2_128f_tight","https://www.niccs.org.cn/niccs/Round1Additional/pc/content/content_2101561076774162432.html"
"sign-05","Chinith","sig","sm4th_em_d2_128s_loose","32","","3818","unavailable","Implementations/Reference_Implementation/sm4th_em_d2_128s_loose","https://www.niccs.org.cn/niccs/Round1Additional/pc/content/content_2101561076774162432.html"
"sign-05","Chinith","sig","sm4th_em_d2_128s_tight","32","","7556","unavailable","Implementations/Reference_Implementation/sm4th_em_d2_128s_tight","https://www.niccs.org.cn/niccs/Round1Additional/pc/content/content_2101561076774162432.html"
"sign-05","Chinith","sig","ublockith_d3_256f","64","","31556","unavailable","Implementations/Reference_Implementation/ublockith_d3_256f","https://www.niccs.org.cn/niccs/Round1Additional/pc/content/content_2101561076774162432.html"
"sign-05","Chinith","sig","ublockith_d3_256s","64","","24144","unavailable","Implementations/Reference_Implementation/ublockith_d3_256s","https://www.niccs.org.cn/niccs/Round1Additional/pc/content/content_2101561076774162432.html"
"sign-05","Chinith","sig","ublockith_em_d3_256f","64","","25028","unavailable","Implementations/Reference_Implementation/ublockith_em_d3_256f","https://www.niccs.org.cn/niccs/Round1Additional/pc/content/content_2101561076774162432.html"
"sign-05","Chinith","sig","ublockith_em_d3_256s","64","","19056","unavailable","Implementations/Reference_Implementation/ublockith_em_d3_256s","https://www.niccs.org.cn/niccs/Round1Additional/pc/content/content_2101561076774162432.html"
"sign-05","Chinith","sig","vistrutith_d3_512f","128","","106788","unavailable","Implementations/Reference_Implementation/vistrutith_d3_512f","https://www.niccs.org.cn/niccs/Round1Additional/pc/content/content_2101561076774162432.html"
"sign-05","Chinith","sig","vistrutith_d3_512s","128","","83004","unavailable","Implementations/Reference_Implementation/vistrutith_d3_512s","https://www.niccs.org.cn/niccs/Round1Additional/pc/content/content_2101561076774162432.html"
"sign-06","COMPASS-SIG","sig","COMPASS-SIG-128","1664","","2080","unavailable","Implementations/Reference_Implementation/COMPASS-SIG-128","https://www.niccs.org.cn/niccs/Round1Additional/pc/content/content_2101561076912574464.html"
"sign-06","COMPASS-SIG","sig","COMPASS-SIG-256","3616","","4080","runnable","Implementations/Reference_Implementation/COMPASS-SIG-256","https://www.niccs.org.cn/niccs/Round1Additional/pc/content/content_2101561076912574464.html"
"sign-06","COMPASS-SIG","sig","COMPASS-SIG-384","5792","","7344","unavailable","Implementations/Reference_Implementation/COMPASS-SIG-384","https://www.niccs.org.cn/niccs/Round1Additional/pc/content/content_2101561076912574464.html"
"sign-06","COMPASS-SIG","sig","COMPASS-SIG-512","7648","","9024","unavailable","Implementations/Reference_Implementation/COMPASS-SIG-512","https://www.niccs.org.cn/niccs/Round1Additional/pc/content/content_2101561076912574464.html"
"sign-07","CS","sig","CS_128","976","","1548","runnable","Implementations/Reference_Implementation/CS-128","https://www.niccs.org.cn/niccs/Round1Additional/pc/content/content_2101561077046792192.html"
"sign-07","CS","sig","CS_256","1760","","3164","runnable","Implementations/Reference_Implementation/CS-256","https://www.niccs.org.cn/niccs/Round1Additional/pc/content/content_2101561077046792192.html"
"sign-07","CS","sig","CS_512","4288","","5975","runnable","Implementations/Reference_Implementation/CS-512","https://www.niccs.org.cn/niccs/Round1Additional/pc/content/content_2101561077046792192.html"
"sign-08","DARTS","sig","DARTS128","1120","","1449","runnable","Implementations/Reference_Implementation/DARTS128","https://www.niccs.org.cn/niccs/Round1Additional/pc/content/content_2101561077176815616.html"
"sign-08","DARTS","sig","DARTS256","2208","","2489","runnable","Implementations/Reference_Implementation/DARTS256","https://www.niccs.org.cn/niccs/Round1Additional/pc/content/content_2101561077176815616.html"
"sign-08","DARTS","sig","DARTS512","4672","","5851","runnable","Implementations/Reference_Implementation/DARTS512","https://www.niccs.org.cn/niccs/Round1Additional/pc/content/content_2101561077176815616.html"
"sign-09","DOVE","sig","dove_classic_128","191646","","136","unavailable","Implementations/Digital_Signature-DOVE-x86-reference_implementation/API_PKC/Implementations/Reference_Implementation/DOVE_classic_ref","https://www.niccs.org.cn/niccs/Round1Additional/pc/content/content_2101561077311033344.html"
"sign-09","DOVE","sig","dove_classic_256","2050352","","296","unavailable","Implementations/Digital_Signature-DOVE-x86-reference_implementation/API_PKC/Implementations/Reference_Implementation/DOVE_classic_ref","https://www.niccs.org.cn/niccs/Round1Additional/pc/content/content_2101561077311033344.html"
"sign-09","DOVE","sig","dove_classic_512","22833052","","648","unavailable","Implementations/Digital_Signature-DOVE-x86-reference_implementation/API_PKC/Implementations/Reference_Implementation/DOVE_classic_ref","https://www.niccs.org.cn/niccs/Round1Additional/pc/content/content_2101561077311033344.html"
"sign-09","DOVE","sig","dove_pkc_skc_128","43576","","136","unavailable","Implementations/Digital_Signature-DOVE-x86-reference_implementation/API_PKC/Implementations/Reference_Implementation/DOVE_pkc_skc_ref","https://www.niccs.org.cn/niccs/Round1Additional/pc/content/content_2101561077311033344.html"
"sign-09","DOVE","sig","dove_pkc_skc_256","446992","","296","unavailable","Implementations/Digital_Signature-DOVE-x86-reference_implementation/API_PKC/Implementations/Reference_Implementation/DOVE_pkc_skc_ref","https://www.niccs.org.cn/niccs/Round1Additional/pc/content/content_2101561077311033344.html"
"sign-09","DOVE","sig","dove_pkc_skc_512","5062192","","648","unavailable","Implementations/Digital_Signature-DOVE-x86-reference_implementation/API_PKC/Implementations/Reference_Implementation/DOVE_pkc_skc_ref","https://www.niccs.org.cn/niccs/Round1Additional/pc/content/content_2101561077311033344.html"
"sign-10","Facto-DSA","sig","Facto-DSA-128","40040","","40","runnable","Implementations and Test_Vectors/Implementations/Reference_Implementation/Facto-DSA-128","https://www.niccs.org.cn/niccs/Round1Additional/pc/content/content_2101561077457833984.html"
"sign-10","Facto-DSA","sig","Facto-DSA-256","456960","","68","runnable","Implementations and Test_Vectors/Implementations/Reference_Implementation/Facto-DSA-256","https://www.niccs.org.cn/niccs/Round1Additional/pc/content/content_2101561077457833984.html"
"sign-10","Facto-DSA","sig","Facto-DSA-512","5674240","","128","unavailable","Implementations and Test_Vectors/Implementations/Reference_Implementation/Facto-DSA-512","https://www.niccs.org.cn/niccs/Round1Additional/pc/content/content_2101561077457833984.html"
"sign-11","FlexTree","sig","Flextree-160f","40","","18672","runnable","Implementations/Reference_Implementation/Flextree-160f","https://www.niccs.org.cn/niccs/Round1Additional/pc/content/content_2101561077587857408.html"
"sign-11","FlexTree","sig","Flextree-160s","40","","9580","runnable","Implementations/Reference_Implementation/Flextree-160s","https://www.niccs.org.cn/niccs/Round1Additional/pc/content/content_2101561077587857408.html"
"sign-11","FlexTree","sig","Flextree-256f","64","","46856","runnable","Implementations/Reference_Implementation/Flextree-256f","https://www.niccs.org.cn/niccs/Round1Additional/pc/content/content_2101561077587857408.html"
"sign-11","FlexTree","sig","Flextree-256s","64","","25420","runnable","Implementations/Reference_Implementation/Flextree-256s","https://www.niccs.org.cn/niccs/Round1Additional/pc/content/content_2101561077587857408.html"
"sign-11","FlexTree","sig","Flextree-384f","96","","73396","runnable","Implementations/Reference_Implementation/Flextree-384f","https://www.niccs.org.cn/niccs/Round1Additional/pc/content/content_2101561077587857408.html"
"sign-11","FlexTree","sig","Flextree-384s","96","","60180","unavailable","Implementations/Reference_Implementation/Flextree-384s","https://www.niccs.org.cn/niccs/Round1Additional/pc/content/content_2101561077587857408.html"
"sign-11","FlexTree","sig","Flextree-512f","128","","117296","unavailable","Implementations/Reference_Implementation/Flextree-512f","https://www.niccs.org.cn/niccs/Round1Additional/pc/content/content_2101561077587857408.html"
"sign-11","FlexTree","sig","Flextree-512s","128","","94948","unavailable","Implementations/Reference_Implementation/Flextree-512s","https://www.niccs.org.cn/niccs/Round1Additional/pc/content/content_2101561077587857408.html"
"sign-12","Galas Signature Scheme","sig","Galas-160F","40","","5964","unavailable","Implementations/Reference_Implementation/Galas-160F","https://www.niccs.org.cn/niccs/Round1Additional/pc/content/content_2101561077713686528.html"
"sign-12","Galas Signature Scheme","sig","Galas-160S","40","","4812","unavailable","Implementations/Reference_Implementation/Galas-160S","https://www.niccs.org.cn/niccs/Round1Additional/pc/content/content_2101561077713686528.html"
"sign-12","Galas Signature Scheme","sig","Galas-256F","64","","15950","unavailable","Implementations/Reference_Implementation/Galas-256F","https://www.niccs.org.cn/niccs/Round1Additional/pc/content/content_2101561077713686528.html"
"sign-12","Galas Signature Scheme","sig","Galas-256S","64","","12114","unavailable","Implementations/Reference_Implementation/Galas-256S","https://www.niccs.org.cn/niccs/Round1Additional/pc/content/content_2101561077713686528.html"
"sign-12","Galas Signature Scheme","sig","Galas-384F","96","","33384","unavailable","Implementations/Reference_Implementation/Galas-384F","https://www.niccs.org.cn/niccs/Round1Additional/pc/content/content_2101561077713686528.html"
"sign-12","Galas Signature Scheme","sig","Galas-384S","96","","27784","unavailable","Implementations/Reference_Implementation/Galas-384S","https://www.niccs.org.cn/niccs/Round1Additional/pc/content/content_2101561077713686528.html"
"sign-12","Galas Signature Scheme","sig","Galas-512F","128","","59416","unavailable","Implementations/Reference_Implementation/Galas-512F","https://www.niccs.org.cn/niccs/Round1Additional/pc/content/content_2101561077713686528.html"
"sign-12","Galas Signature Scheme","sig","Galas-512S","128","","49516","unavailable","Implementations/Reference_Implementation/Galas-512S","https://www.niccs.org.cn/niccs/Round1Additional/pc/content/content_2101561077713686528.html"
"sign-13","GreatWall Signature Algorithm","sig","GreatWall128f","36","","3396","runnable","Implementations/Reference_Implementation/GreatWall128f","https://www.niccs.org.cn/niccs/Round1Additional/pc/content/content_2101561077852098560.html"
"sign-13","GreatWall Signature Algorithm","sig","GreatWall128s","36","","2758","runnable","Implementations/Reference_Implementation/GreatWall128s","https://www.niccs.org.cn/niccs/Round1Additional/pc/content/content_2101561077852098560.html"
"sign-13","GreatWall Signature Algorithm","sig","GreatWall192f","50","","8012","runnable","Implementations/Reference_Implementation/GreatWall192f","https://www.niccs.org.cn/niccs/Round1Additional/pc/content/content_2101561077852098560.html"
"sign-13","GreatWall Signature Algorithm","sig","GreatWall192s","50","","6804","runnable","Implementations/Reference_Implementation/GreatWall192s","https://www.niccs.org.cn/niccs/Round1Additional/pc/content/content_2101561077852098560.html"
"sign-13","GreatWall Signature Algorithm","sig","GreatWall256f","66","","14260","runnable","Implementations/Reference_Implementation/GreatWall256f","https://www.niccs.org.cn/niccs/Round1Additional/pc/content/content_2101561077852098560.html"
"sign-13","GreatWall Signature Algorithm","sig","GreatWall256s","66","","12236","runnable","Implementations/Reference_Implementation/GreatWall256s","https://www.niccs.org.cn/niccs/Round1Additional/pc/content/content_2101561077852098560.html"
"sign-13","GreatWall Signature Algorithm","sig","GreatWall512f","132","","57812","runnable","Implementations/Reference_Implementation/GreatWall512f","https://www.niccs.org.cn/niccs/Round1Additional/pc/content/content_2101561077852098560.html"
"sign-13","GreatWall Signature Algorithm","sig","GreatWall512s","132","","50012","unavailable","Implementations/Reference_Implementation/GreatWall512s","https://www.niccs.org.cn/niccs/Round1Additional/pc/content/content_2101561077852098560.html"
"sign-14","Lynxer","sig","Lynxer-160f","40","","5801","unavailable","Implementations/Reference_Implementation/Lynxer-160f","https://www.niccs.org.cn/niccs/Round1Additional/pc/content/content_2101561077990510592.html"
"sign-14","Lynxer","sig","Lynxer-160s","40","","4607","unavailable","Implementations/Reference_Implementation/Lynxer-160s","https://www.niccs.org.cn/niccs/Round1Additional/pc/content/content_2101561077990510592.html"
"sign-14","Lynxer","sig","Lynxer-256f","64","","15097","unavailable","Implementations/Reference_Implementation/Lynxer-256f","https://www.niccs.org.cn/niccs/Round1Additional/pc/content/content_2101561077990510592.html"
"sign-14","Lynxer","sig","Lynxer-256s","64","","12191","unavailable","Implementations/Reference_Implementation/Lynxer-256s","https://www.niccs.org.cn/niccs/Round1Additional/pc/content/content_2101561077990510592.html"
"sign-14","Lynxer","sig","Lynxer-384f","96","","34109","unavailable","Implementations/Reference_Implementation/Lynxer-384f","https://www.niccs.org.cn/niccs/Round1Additional/pc/content/content_2101561077990510592.html"
"sign-14","Lynxer","sig","Lynxer-384s","96","","27495","unavailable","Implementations/Reference_Implementation/Lynxer-384s","https://www.niccs.org.cn/niccs/Round1Additional/pc/content/content_2101561077990510592.html"
"sign-14","Lynxer","sig","Lynxer-512f","128","","61091","unavailable","Implementations/Reference_Implementation/Lynxer-512f","https://www.niccs.org.cn/niccs/Round1Additional/pc/content/content_2101561077990510592.html"
"sign-14","Lynxer","sig","Lynxer-512s","128","","48879","unavailable","Implementations/Reference_Implementation/Lynxer-512s","https://www.niccs.org.cn/niccs/Round1Additional/pc/content/content_2101561077990510592.html"
"sign-15","MORNING-ATLAS","sig","lwrdsa128","1328","","2081","unavailable","Implementation/Reference_Implementation/lwrdsa128","https://www.niccs.org.cn/niccs/Round1Additional/pc/content/content_2101561078120534016.html"
"sign-15","MORNING-ATLAS","sig","lwrdsa192","2112","","3365","unavailable","Implementation/Reference_Implementation/lwrdsa192","https://www.niccs.org.cn/niccs/Round1Additional/pc/content/content_2101561078120534016.html"
"sign-15","MORNING-ATLAS","sig","lwrdsa256","2848","","4656","unavailable","Implementation/Reference_Implementation/lwrdsa256","https://www.niccs.org.cn/niccs/Round1Additional/pc/content/content_2101561078120534016.html"
"sign-15","MORNING-ATLAS","sig","lwrdsa512","6688","","10081","unavailable","Implementation/Reference_Implementation/lwrdsa512","https://www.niccs.org.cn/niccs/Round1Additional/pc/content/content_2101561078120534016.html"
"sign-16","Octarine","sig","Octarine-128","1344","","2564","runnable","Implementations/Reference_Implementation/Octarine-128","https://www.niccs.org.cn/niccs/Round1Additional/pc/content/content_2101561078258946048.html"
"sign-16","Octarine","sig","Octarine-256","2368","","5449","runnable","Implementations/Reference_Implementation/Octarine-256","https://www.niccs.org.cn/niccs/Round1Additional/pc/content/content_2101561078258946048.html"
"sign-16","Octarine","sig","Octarine-512","5184","","14713","runnable","Implementations/Reference_Implementation/Octarine-512","https://www.niccs.org.cn/niccs/Round1Additional/pc/content/content_2101561078258946048.html"
"sign-17","OPS Digital Signature Algorithm","sig","OPSsig-128","2560","","4349","runnable","Implementations and Test_Vectors/Implementations/Reference_Implementation/OPSsig-128","https://www.niccs.org.cn/niccs/Round1Additional/pc/content/content_2101561086848880640.html"
"sign-17","OPS Digital Signature Algorithm","sig","OPSsig-256","3392","","5540","runnable","Implementations and Test_Vectors/Implementations/Reference_Implementation/OPSsig-256","https://www.niccs.org.cn/niccs/Round1Additional/pc/content/content_2101561086848880640.html"
"sign-17","OPS Digital Signature Algorithm","sig","OPSsig-512","6720","","12021","runnable","Implementations and Test_Vectors/Implementations/Reference_Implementation/OPSsig-512","https://www.niccs.org.cn/niccs/Round1Additional/pc/content/content_2101561086848880640.html"
"sign-18","Origami","sig","Origami-128","2996","","116","runnable","Implementations and Test_Vectors/Implementations/Reference_Implementation/Origami-128","https://www.niccs.org.cn/niccs/Round1Additional/pc/content/content_2101561086978904064.html"
"sign-18","Origami","sig","Origami-256","14968","","516","runnable","Implementations and Test_Vectors/Implementations/Reference_Implementation/Origami-256","https://www.niccs.org.cn/niccs/Round1Additional/pc/content/content_2101561086978904064.html"
"sign-18","Origami","sig","Origami-384","27940","","948","runnable","Implementations and Test_Vectors/Implementations/Reference_Implementation/Origami-384","https://www.niccs.org.cn/niccs/Round1Additional/pc/content/content_2101561086978904064.html"
"sign-18","Origami","sig","Origami-512","35924","","1220","unavailable","Implementations and Test_Vectors/Implementations/Reference_Implementation/Origami-512","https://www.niccs.org.cn/niccs/Round1Additional/pc/content/content_2101561086978904064.html"
"sign-19","Phoenix","sig","Phoenix-SHAKE-128f","32","","13670","unavailable","Implementations and Test_Vectors/Implementations/Reference_Implementation/Phoenix-SHAKE-128f","https://www.niccs.org.cn/niccs/Round1Additional/pc/content/content_2101561087113121792.html"
"sign-19","Phoenix","sig","Phoenix-SHAKE-128s","32","","6258","unavailable","Implementations and Test_Vectors/Implementations/Reference_Implementation/Phoenix-SHAKE-128s","https://www.niccs.org.cn/niccs/Round1Additional/pc/content/content_2101561087113121792.html"
"sign-19","Phoenix","sig","Phoenix-SHAKE-192f","48","","30766","unavailable","Implementations and Test_Vectors/Implementations/Reference_Implementation/Phoenix-SHAKE-192f","https://www.niccs.org.cn/niccs/Round1Additional/pc/content/content_2101561087113121792.html"
"sign-19","Phoenix","sig","Phoenix-SHAKE-192s","48","","13332","unavailable","Implementations and Test_Vectors/Implementations/Reference_Implementation/Phoenix-SHAKE-192s","https://www.niccs.org.cn/niccs/Round1Additional/pc/content/content_2101561087113121792.html"
"sign-19","Phoenix","sig","Phoenix-SHAKE-256f","64","","44906","unavailable","Implementations and Test_Vectors/Implementations/Reference_Implementation/Phoenix-SHAKE-256f","https://www.niccs.org.cn/niccs/Round1Additional/pc/content/content_2101561087113121792.html"
"sign-19","Phoenix","sig","Phoenix-SHAKE-256s","64","","24618","unavailable","Implementations and Test_Vectors/Implementations/Reference_Implementation/Phoenix-SHAKE-256s","https://www.niccs.org.cn/niccs/Round1Additional/pc/content/content_2101561087113121792.html"
"sign-19","Phoenix","sig","Phoenix-SHAKE-384f","96","","88442","unavailable","Implementations and Test_Vectors/Implementations/Reference_Implementation/Phoenix-SHAKE-384f","https://www.niccs.org.cn/niccs/Round1Additional/pc/content/content_2101561087113121792.html"
"sign-19","Phoenix","sig","Phoenix-SHAKE-384s","96","","54726","unavailable","Implementations and Test_Vectors/Implementations/Reference_Implementation/Phoenix-SHAKE-384s","https://www.niccs.org.cn/niccs/Round1Additional/pc/content/content_2101561087113121792.html"
"sign-19","Phoenix","sig","Phoenix-SHAKE-512f","128","","138454","unavailable","Implementations and Test_Vectors/Implementations/Reference_Implementation/Phoenix-SHAKE-512f","https://www.niccs.org.cn/niccs/Round1Additional/pc/content/content_2101561087113121792.html"
"sign-19","Phoenix","sig","Phoenix-SHAKE-512s","128","","98476","unavailable","Implementations and Test_Vectors/Implementations/Reference_Implementation/Phoenix-SHAKE-512s","https://www.niccs.org.cn/niccs/Round1Additional/pc/content/content_2101561087113121792.html"
"sign-19","Phoenix","sig","Phoenix-SM3-128f","32","","13670","unavailable","Implementations and Test_Vectors/Implementations/Reference_Implementation/Phoenix-SM3-128f","https://www.niccs.org.cn/niccs/Round1Additional/pc/content/content_2101561087113121792.html"
"sign-19","Phoenix","sig","Phoenix-SM3-128s","32","","6258","unavailable","Implementations and Test_Vectors/Implementations/Reference_Implementation/Phoenix-SM3-128s","https://www.niccs.org.cn/niccs/Round1Additional/pc/content/content_2101561087113121792.html"
"sign-19","Phoenix","sig","Phoenix-SM3-192f","48","","30766","unavailable","Implementations and Test_Vectors/Implementations/Reference_Implementation/Phoenix-SM3-192f","https://www.niccs.org.cn/niccs/Round1Additional/pc/content/content_2101561087113121792.html"
"sign-19","Phoenix","sig","Phoenix-SM3-192s","48","","13332","unavailable","Implementations and Test_Vectors/Implementations/Reference_Implementation/Phoenix-SM3-192s","https://www.niccs.org.cn/niccs/Round1Additional/pc/content/content_2101561087113121792.html"
"sign-19","Phoenix","sig","Phoenix-SM3-256f","64","","44906","unavailable","Implementations and Test_Vectors/Implementations/Reference_Implementation/Phoenix-SM3-256f","https://www.niccs.org.cn/niccs/Round1Additional/pc/content/content_2101561087113121792.html"
"sign-19","Phoenix","sig","Phoenix-SM3-256s","64","","24618","unavailable","Implementations and Test_Vectors/Implementations/Reference_Implementation/Phoenix-SM3-256s","https://www.niccs.org.cn/niccs/Round1Additional/pc/content/content_2101561087113121792.html"
"sign-19","Phoenix","sig","Phoenix-SM3-384f","96","","88442","unavailable","Implementations and Test_Vectors/Implementations/Reference_Implementation/Phoenix-SM3-384f","https://www.niccs.org.cn/niccs/Round1Additional/pc/content/content_2101561087113121792.html"
"sign-19","Phoenix","sig","Phoenix-SM3-384s","96","","54726","unavailable","Implementations and Test_Vectors/Implementations/Reference_Implementation/Phoenix-SM3-384s","https://www.niccs.org.cn/niccs/Round1Additional/pc/content/content_2101561087113121792.html"
"sign-19","Phoenix","sig","Phoenix-SM3-512f","128","","138454","unavailable","Implementations and Test_Vectors/Implementations/Reference_Implementation/Phoenix-SM3-512f","https://www.niccs.org.cn/niccs/Round1Additional/pc/content/content_2101561087113121792.html"
"sign-19","Phoenix","sig","Phoenix-SM3-512s","128","","98476","unavailable","Implementations and Test_Vectors/Implementations/Reference_Implementation/Phoenix-SM3-512s","https://www.niccs.org.cn/niccs/Round1Additional/pc/content/content_2101561087113121792.html"
"sign-20","Qing Luan","sig","QingLuan-128","77","","18720","runnable","Implementations and Test_Vectors/Implementations/Reference_Implementation/QingLuan-128","https://www.niccs.org.cn/niccs/Round1Additional/pc/content/content_2101561087243145216.html"
"sign-20","Qing Luan","sig","QingLuan-256","153","","74248","runnable","Implementations and Test_Vectors/Implementations/Reference_Implementation/QingLuan-256","https://www.niccs.org.cn/niccs/Round1Additional/pc/content/content_2101561087243145216.html"
"sign-20","Qing Luan","sig","QingLuan-384","227","","164940","runnable","Implementations and Test_Vectors/Implementations/Reference_Implementation/QingLuan-384","https://www.niccs.org.cn/niccs/Round1Additional/pc/content/content_2101561087243145216.html"
"sign-20","Qing Luan","sig","QingLuan-512","302","","292816","runnable","Implementations and Test_Vectors/Implementations/Reference_Implementation/QingLuan-512","https://www.niccs.org.cn/niccs/Round1Additional/pc/content/content_2101561087243145216.html"
"sign-21","ReSolveD-ɑ","sig","ReSolveD-alpha-160f","121","","6851","unavailable","Implementations/Reference_Implementation/ReSolveD-alpha-160f","https://www.niccs.org.cn/niccs/Round1Additional/pc/content/content_2101561087368974336.html"
"sign-21","ReSolveD-ɑ","sig","ReSolveD-alpha-160s","121","","5307","unavailable","Implementations/Reference_Implementation/ReSolveD-alpha-160s","https://www.niccs.org.cn/niccs/Round1Additional/pc/content/content_2101561087368974336.html"
"sign-21","ReSolveD-ɑ","sig","ReSolveD-alpha-256f","194","","17932","unavailable","Implementations/Reference_Implementation/ReSolveD-alpha-256f","https://www.niccs.org.cn/niccs/Round1Additional/pc/content/content_2101561087368974336.html"
"sign-21","ReSolveD-ɑ","sig","ReSolveD-alpha-256s","194","","13973","unavailable","Implementations/Reference_Implementation/ReSolveD-alpha-256s","https://www.niccs.org.cn/niccs/Round1Additional/pc/content/content_2101561087368974336.html"
"sign-21","ReSolveD-ɑ","sig","ReSolveD-alpha-384f","288","","40469","unavailable","Implementations/Reference_Implementation/ReSolveD-alpha-384f","https://www.niccs.org.cn/niccs/Round1Additional/pc/content/content_2101561087368974336.html"
"sign-21","ReSolveD-ɑ","sig","ReSolveD-alpha-384s","288","","31575","unavailable","Implementations/Reference_Implementation/ReSolveD-alpha-384s","https://www.niccs.org.cn/niccs/Round1Additional/pc/content/content_2101561087368974336.html"
"sign-21","ReSolveD-ɑ","sig","ReSolveD-alpha-512f","385","","72611","unavailable","Implementations/Reference_Implementation/ReSolveD-alpha-512f","https://www.niccs.org.cn/niccs/Round1Additional/pc/content/content_2101561087368974336.html"
"sign-21","ReSolveD-ɑ","sig","ReSolveD-alpha-512s","385","","56239","unavailable","Implementations/Reference_Implementation/ReSolveD-alpha-512s","https://www.niccs.org.cn/niccs/Round1Additional/pc/content/content_2101561087368974336.html"
"sign-22","Rhyme","sig","Rhyme-SHAKE-128","800","","5156","runnable","Implementations and Test_Vectors/Implementations/Reference_Implementation/Rhyme-SHAKE/Rhyme-SHAKE-128","https://www.niccs.org.cn/niccs/Round1Additional/pc/content/content_2101561095950520320.html"
"sign-22","Rhyme","sig","Rhyme-SHAKE-256","1824","","10308","runnable","Implementations and Test_Vectors/Implementations/Reference_Implementation/Rhyme-SHAKE/Rhyme-SHAKE-256","https://www.niccs.org.cn/niccs/Round1Additional/pc/content/content_2101561095950520320.html"
"sign-22","Rhyme","sig","Rhyme-SHAKE-384","2720","","14436","runnable","Implementations and Test_Vectors/Implementations/Reference_Implementation/Rhyme-SHAKE/Rhyme-SHAKE-384","https://www.niccs.org.cn/niccs/Round1Additional/pc/content/content_2101561095950520320.html"
"sign-22","Rhyme","sig","Rhyme-SHAKE-512","3872","","20612","runnable","Implementations and Test_Vectors/Implementations/Reference_Implementation/Rhyme-SHAKE/Rhyme-SHAKE-512","https://www.niccs.org.cn/niccs/Round1Additional/pc/content/content_2101561095950520320.html"
"sign-22","Rhyme","sig","Rhyme-SM3-128","800","","5156","runnable","Implementations and Test_Vectors/Implementations/Reference_Implementation/Rhyme-SM3/Rhyme-SM3-128","https://www.niccs.org.cn/niccs/Round1Additional/pc/content/content_2101561095950520320.html"
"sign-22","Rhyme","sig","Rhyme-SM3-256","1824","","10308","runnable","Implementations and Test_Vectors/Implementations/Reference_Implementation/Rhyme-SM3/Rhyme-SM3-256","https://www.niccs.org.cn/niccs/Round1Additional/pc/content/content_2101561095950520320.html"
"sign-22","Rhyme","sig","Rhyme-SM3-384","2720","","14436","runnable","Implementations and Test_Vectors/Implementations/Reference_Implementation/Rhyme-SM3/Rhyme-SM3-384","https://www.niccs.org.cn/niccs/Round1Additional/pc/content/content_2101561095950520320.html"
"sign-22","Rhyme","sig","Rhyme-SM3-512","3872","","20612","runnable","Implementations and Test_Vectors/Implementations/Reference_Implementation/Rhyme-SM3/Rhyme-SM3-512","https://www.niccs.org.cn/niccs/Round1Additional/pc/content/content_2101561095950520320.html"
"sign-23","Shuttle","sig","SHUTTLE-128","1264","","1183","runnable","Implementation codes and test vectors/Shuttle 算法实现源代码及测试向量/Implementations/Reference_Implementation/SHUTTLE-128","https://www.niccs.org.cn/niccs/Round1Additional/pc/content/content_2101561096101515264.html"
"sign-23","Shuttle","sig","SHUTTLE-256","1952","","2417","unavailable","Implementation codes and test vectors/Shuttle 算法实现源代码及测试向量/Implementations/Reference_Implementation/SHUTTLE-256","https://www.niccs.org.cn/niccs/Round1Additional/pc/content/content_2101561096101515264.html"
"sign-23","Shuttle","sig","SHUTTLE-512","3648","","5001","unavailable","Implementation codes and test vectors/Shuttle 算法实现源代码及测试向量/Implementations/Reference_Implementation/SHUTTLE-512","https://www.niccs.org.cn/niccs/Round1Additional/pc/content/content_2101561096101515264.html"
"sign-24","Sigurd","sig","Sigurd128_REF","112","","62868","runnable","Implementations/Reference_Implementation/Sigurd-128","https://www.niccs.org.cn/niccs/Round1Additional/pc/content/content_2101561096235732992.html"
"sign-24","Sigurd","sig","Sigurd256_REF","212","","137412","runnable","Implementations/Reference_Implementation/Sigurd-256","https://www.niccs.org.cn/niccs/Round1Additional/pc/content/content_2101561096235732992.html"
"sign-24","Sigurd","sig","Sigurd512_REF","435","","494532","runnable","Implementations/Reference_Implementation/Sigurd-512","https://www.niccs.org.cn/niccs/Round1Additional/pc/content/content_2101561096235732992.html"
"sign-25","SQIsign2D2","sig","SQISign2Dsquare-Level1-eff_compressed","65","","168","unavailable","Implementations/Reference_Implementation/SQISign2Dsquare-Level1-eff","https://www.niccs.org.cn/niccs/Round1Additional/pc/content/content_2101561096361562112.html"
"sign-25","SQIsign2D2","sig","SQISign2Dsquare-Level1-eff_uncompressed","64","","200","unavailable","Implementations/Reference_Implementation/SQISign2Dsquare-Level1-eff","https://www.niccs.org.cn/niccs/Round1Additional/pc/content/content_2101561096361562112.html"
"sign-25","SQIsign2D2","sig","SQISign2Dsquare-Level1-sec_compressed","69","","178","unavailable","Implementations/Reference_Implementation/SQISign2Dsquare-Level1-sec","https://www.niccs.org.cn/niccs/Round1Additional/pc/content/content_2101561096361562112.html"
"sign-25","SQIsign2D2","sig","SQISign2Dsquare-Level1-sec_uncompressed","68","","212","unavailable","Implementations/Reference_Implementation/SQISign2Dsquare-Level1-sec","https://www.niccs.org.cn/niccs/Round1Additional/pc/content/content_2101561096361562112.html"
"sign-25","SQIsign2D2","sig","SQISign2Dsquare-Level2-eff_compressed","81","","208","unavailable","Implementations/Reference_Implementation/SQISign2Dsquare-Level2-eff","https://www.niccs.org.cn/niccs/Round1Additional/pc/content/content_2101561096361562112.html"
"sign-25","SQIsign2D2","sig","SQISign2Dsquare-Level2-eff_uncompressed","80","","248","unavailable","Implementations/Reference_Implementation/SQISign2Dsquare-Level2-eff","https://www.niccs.org.cn/niccs/Round1Additional/pc/content/content_2101561096361562112.html"
"sign-25","SQIsign2D2","sig","SQISign2Dsquare-Level2-sec_compressed","85","","218","unavailable","Implementations/Reference_Implementation/SQISign2Dsquare-Level2-sec","https://www.niccs.org.cn/niccs/Round1Additional/pc/content/content_2101561096361562112.html"
"sign-25","SQIsign2D2","sig","SQISign2Dsquare-Level2-sec_uncompressed","84","","260","unavailable","Implementations/Reference_Implementation/SQISign2Dsquare-Level2-sec","https://www.niccs.org.cn/niccs/Round1Additional/pc/content/content_2101561096361562112.html"
"sign-25","SQIsign2D2","sig","SQISign2Dsquare-Level3-eff_compressed","129","","326","unavailable","Implementations/Reference_Implementation/SQISign2Dsquare-Level3-eff","https://www.niccs.org.cn/niccs/Round1Additional/pc/content/content_2101561096361562112.html"
"sign-25","SQIsign2D2","sig","SQISign2Dsquare-Level3-eff_uncompressed","128","","392","unavailable","Implementations/Reference_Implementation/SQISign2Dsquare-Level3-eff","https://www.niccs.org.cn/niccs/Round1Additional/pc/content/content_2101561096361562112.html"
"sign-25","SQIsign2D2","sig","SQISign2Dsquare-Level3-sec_compressed","133","","338","unavailable","Implementations/Reference_Implementation/SQISign2Dsquare-Level3-sec","https://www.niccs.org.cn/niccs/Round1Additional/pc/content/content_2101561096361562112.html"
"sign-25","SQIsign2D2","sig","SQISign2Dsquare-Level3-sec_uncompressed","132","","404","unavailable","Implementations/Reference_Implementation/SQISign2Dsquare-Level3-sec","https://www.niccs.org.cn/niccs/Round1Additional/pc/content/content_2101561096361562112.html"
"sign-25","SQIsign2D2","sig","SQISign2Dsquare-Level5-eff_compressed","257","","648","unavailable","Implementations/Reference_Implementation/SQISign2Dsquare-Level5-eff","https://www.niccs.org.cn/niccs/Round1Additional/pc/content/content_2101561096361562112.html"
"sign-25","SQIsign2D2","sig","SQISign2Dsquare-Level5-eff_uncompressed","256","","776","unavailable","Implementations/Reference_Implementation/SQISign2Dsquare-Level5-eff","https://www.niccs.org.cn/niccs/Round1Additional/pc/content/content_2101561096361562112.html"
"sign-25","SQIsign2D2","sig","SQISign2Dsquare-Level5-sec_compressed","269","","678","unavailable","Implementations/Reference_Implementation/SQISign2Dsquare-Level5-sec","https://www.niccs.org.cn/niccs/Round1Additional/pc/content/content_2101561096361562112.html"
"sign-25","SQIsign2D2","sig","SQISign2Dsquare-Level5-sec_uncompressed","268","","812","unavailable","Implementations/Reference_Implementation/SQISign2Dsquare-Level5-sec","https://www.niccs.org.cn/niccs/Round1Additional/pc/content/content_2101561096361562112.html"
"sign-26","SQIsign2D-push1/2","sig","SQIsign2D-lvl1","64","","150","unavailable","Implementations/sqisign2d_lvl1","https://www.niccs.org.cn/niccs/Round1Additional/pc/content/content_2101561096483196928.html"
"sign-26","SQIsign2D-push1/2","sig","SQIsign2D-lvl2","96","","218","unavailable","Implementations/sqisign2d_lvl2","https://www.niccs.org.cn/niccs/Round1Additional/pc/content/content_2101561096483196928.html"
"sign-26","SQIsign2D-push1/2","sig","SQIsign2D-lvl3","128","","293","unavailable","Implementations/sqisign2d_lvl3","https://www.niccs.org.cn/niccs/Round1Additional/pc/content/content_2101561096483196928.html"
"sign-26","SQIsign2D-push1/2","sig","SQIsign2D-lvl4","262","","593","unavailable","Implementations/sqisign2d_lvl4","https://www.niccs.org.cn/niccs/Round1Additional/pc/content/content_2101561096483196928.html"
"sign-27","SQIsignTriangle","sig","SQIsignTriangle_lvl1","65","","204","unavailable","Implementations/Reference_Implementation/SQIsignTriangle_lvl1","https://www.niccs.org.cn/niccs/Round1Additional/pc/content/content_2101561096613220352.html"
"sign-27","SQIsignTriangle","sig","SQIsignTriangle_lvl2","81","","255","unavailable","Implementations/Reference_Implementation/SQIsignTriangle_lvl2","https://www.niccs.org.cn/niccs/Round1Additional/pc/content/content_2101561096613220352.html"
"sign-27","SQIsignTriangle","sig","SQIsignTriangle_lvl5","129","","408","unavailable","Implementations/Reference_Implementation/SQIsignTriangle_lvl5","https://www.niccs.org.cn/niccs/Round1Additional/pc/content/content_2101561096613220352.html"
"sign-27","SQIsignTriangle","sig","SQIsignTriangle_lvl6","257","","816","unavailable","Implementations/Reference_Implementation/SQIsignTriangle_lvl6","https://www.niccs.org.cn/niccs/Round1Additional/pc/content/content_2101561096613220352.html"
"sign-28","SYDO","sig","sydo_160f","80","","6724","unavailable","Implementations/Reference_Implementation/sydo_160f","https://www.niccs.org.cn/niccs/Round1Additional/pc/content/content_2101561105194766336.html"
"sign-28","SYDO","sig","sydo_160s","80","","5428","unavailable","Implementations/Reference_Implementation/sydo_160s","https://www.niccs.org.cn/niccs/Round1Additional/pc/content/content_2101561105194766336.html"
"sign-28","SYDO","sig","sydo_256f","128","","17604","unavailable","Implementations/Reference_Implementation/sydo_256f","https://www.niccs.org.cn/niccs/Round1Additional/pc/content/content_2101561105194766336.html"
"sign-28","SYDO","sig","sydo_256s","128","","14444","unavailable","Implementations/Reference_Implementation/sydo_256s","https://www.niccs.org.cn/niccs/Round1Additional/pc/content/content_2101561105194766336.html"
"sign-28","SYDO","sig","sydo_512f","246","","67716","unavailable","Implementations/Reference_Implementation/sydo_512f","https://www.niccs.org.cn/niccs/Round1Additional/pc/content/content_2101561105194766336.html"
"sign-28","SYDO","sig","sydo_512s","246","","56672","unavailable","Implementations/Reference_Implementation/sydo_512s","https://www.niccs.org.cn/niccs/Round1Additional/pc/content/content_2101561105194766336.html"
"sign-29","Tins","sig","Tins128","51","","3284","unavailable","Implementations/Reference_Implementation/Tins128","https://www.niccs.org.cn/niccs/Round1Additional/pc/content/content_2101561105320595456.html"
"sign-29","Tins","sig","Tins256","98","","13012","runnable","Implementations/Reference_Implementation/Tins256","https://www.niccs.org.cn/niccs/Round1Additional/pc/content/content_2101561105320595456.html"
"sign-29","Tins","sig","Tins512","195","","51187","unavailable","Implementations/Reference_Implementation/Tins512","https://www.niccs.org.cn/niccs/Round1Additional/pc/content/content_2101561105320595456.html"
"sign-30","TRINE","sig","TRINE-128-Balanced","16004","","3156","unavailable","Implementations/Reference_Implementation/TRINE-128-balanced","https://www.niccs.org.cn/niccs/Round1Additional/pc/content/content_2101561105463201792.html"
"sign-30","TRINE","sig","TRINE-128-ShortSig","63920","","1652","unavailable","Implementations/Reference_Implementation/TRINE-128-ShortSig","https://www.niccs.org.cn/niccs/Round1Additional/pc/content/content_2101561105463201792.html"
"sign-30","TRINE","sig","TRINE-256-Balanced","96064","","11712","unavailable","Implementations/Reference_Implementation/TRINE-256-balanced","https://www.niccs.org.cn/niccs/Round1Additional/pc/content/content_2101561105463201792.html"
"sign-30","TRINE","sig","TRINE-256-ShortSig","384064","","5968","unavailable","Implementations/Reference_Implementation/TRINE-256-ShortSig","https://www.niccs.org.cn/niccs/Round1Additional/pc/content/content_2101561105463201792.html"
"sign-30","TRINE","sig","TRINE-512-Balanced","797290","","46565","unavailable","Implementations/Reference_Implementation/TRINE-512-balanced","https://www.niccs.org.cn/niccs/Round1Additional/pc/content/content_2101561105463201792.html"
"sign-30","TRINE","sig","TRINE-512-ShortSig","3188776","","23672","unavailable","Implementations/Reference_Implementation/TRINE-512-ShortSig","https://www.niccs.org.cn/niccs/Round1Additional/pc/content/content_2101561105463201792.html"
"sign-31","TSUOV","sig","TSUOV_128","779","","896","runnable","Implementations/Digital_Signature-TSUOV-x86-Reference_Implementation/API_PKC/Implementations/Reference_Implementation/TSUOV_128","https://www.niccs.org.cn/niccs/Round1Additional/pc/content/content_2101561105597419520.html"
"sign-31","TSUOV","sig","TSUOV_256","2170","","2412","runnable","Implementations/Digital_Signature-TSUOV-x86-Reference_Implementation/API_PKC/Implementations/Reference_Implementation/TSUOV_256","https://www.niccs.org.cn/niccs/Round1Additional/pc/content/content_2101561105597419520.html"
"sign-31","TSUOV","sig","TSUOV_512","21319","","2939","runnable","Implementations/Digital_Signature-TSUOV-x86-Reference_Implementation/API_PKC/Implementations/Reference_Implementation/TSUOV_512","https://www.niccs.org.cn/niccs/Round1Additional/pc/content/content_2101561105597419520.html"
"sign-32","UVW signature","sig","UVW-128","5897612","","1244","unavailable","Implementations/Reference_Implementation/UVW-128","https://www.niccs.org.cn/niccs/Round1Additional/pc/content/content_2101561105735831552.html"
"sign-32","UVW signature","sig","UVW-256","23040012","","2444","unavailable","Implementations/Reference_Implementation/UVW-256","https://www.niccs.org.cn/niccs/Round1Additional/pc/content/content_2101561105735831552.html"
"sign-32","UVW signature","sig","UVW-512","95160012","","4956","unavailable","Implementations/Reference_Implementation/UVW-512","https://www.niccs.org.cn/niccs/Round1Additional/pc/content/content_2101561105735831552.html"
"sign-33","VDOO: Vinegar-Diagonal-Oil-Oil","sig","VDOO-128","330855","","85","runnable","Implementation/Reference_Implementation/vdoo_128","https://www.niccs.org.cn/niccs/Round1Additional/pc/content/content_2101561114325766144.html"
"sign-33","VDOO: Vinegar-Diagonal-Oil-Oil","sig","VDOO-256","4289250","","316","runnable","Implementation/Reference_Implementation/vdoo_256","https://www.niccs.org.cn/niccs/Round1Additional/pc/content/content_2101561114325766144.html"
"sign-33","VDOO: Vinegar-Diagonal-Oil-Oil","sig","VDOO-512","20229300","","471","unavailable","Implementation/Reference_Implementation/vdoo_512","https://www.niccs.org.cn/niccs/Round1Additional/pc/content/content_2101561114325766144.html"
"sign-34","YuanYang.DSA","sig","yuanyang-1024","1570","","1150","unavailable","Implementations/Reference_Implementation/yuanyang-1024","https://www.niccs.org.cn/niccs/Round1Additional/pc/content/content_2101561114459983872.html"
"sign-34","YuanYang.DSA","sig","yuanyang-2048","3330","","2364","unavailable","Implementations/Reference_Implementation/yuanyang-2048","https://www.niccs.org.cn/niccs/Round1Additional/pc/content/content_2101561114459983872.html"
"sign-34","YuanYang.DSA","sig","yuanyang-512","738","","561","unavailable","Implementations/Reference_Implementation/yuanyang-512","https://www.niccs.org.cn/niccs/Round1Additional/pc/content/content_2101561114459983872.html"
"kem-01","Aigis-Enc+","kem","Aigis-enc1","656","896","","runnable","Implementations/Reference_Implementation/Aigis-Enc+-I","https://www.niccs.org.cn/niccs/Round1Additional/pc/content/content_2101560842975268864.html"
"kem-01","Aigis-Enc+","kem","Aigis-enc2","1312","1664","","runnable","Implementations/Reference_Implementation/Aigis-Enc+-II","https://www.niccs.org.cn/niccs/Round1Additional/pc/content/content_2101560842975268864.html"
"kem-01","Aigis-Enc+","kem","Aigis-enc3","2624","3584","","runnable","Implementations/Reference_Implementation/Aigis-Enc+-III","https://www.niccs.org.cn/niccs/Round1Additional/pc/content/content_2101560842975268864.html"
"kem-02","Amoeba","kem","Amoeba128","784","1047","","runnable","Implementations/Reference_Implementation/Amoeba-576/src","https://www.niccs.org.cn/niccs/Round1Additional/pc/content/content_2101560843117875200.html"
"kem-02","Amoeba","kem","Amoeba192","1144","1581","","runnable","Implementations/Reference_Implementation/Amoeba-864/src","https://www.niccs.org.cn/niccs/Round1Additional/pc/content/content_2101560843117875200.html"
"kem-02","Amoeba","kem","Amoeba256","1648","1833","","runnable","Implementations/Reference_Implementation/Amoeba-1152/src","https://www.niccs.org.cn/niccs/Round1Additional/pc/content/content_2101560843117875200.html"
"kem-02","Amoeba","kem","Amoeba384","2440","2769","","runnable","Implementations/Reference_Implementation/Amoeba-1728/src","https://www.niccs.org.cn/niccs/Round1Additional/pc/content/content_2101560843117875200.html"
"kem-02","Amoeba","kem","Amoeba512","3520","3914","","runnable","Implementations/Reference_Implementation/Amoeba-2304/src","https://www.niccs.org.cn/niccs/Round1Additional/pc/content/content_2101560843117875200.html"
"kem-03","BAG-Loong","kem","BAG-Loong-128","2500","3071","","runnable","Implementations/Reference_Implementation/Loong-Block-ms-128","https://www.niccs.org.cn/niccs/Round1Additional/pc/content/content_2101560843247898624.html"
"kem-03","BAG-Loong","kem","BAG-Loong-256","6597","8400","","runnable","Implementations/Reference_Implementation/Loong-Block-ms-256","https://www.niccs.org.cn/niccs/Round1Additional/pc/content/content_2101560843247898624.html"
"kem-03","BAG-Loong","kem","BAG-Loong-384","12152","15112","","runnable","Implementations/Reference_Implementation/Loong-Block-ms-384","https://www.niccs.org.cn/niccs/Round1Additional/pc/content/content_2101560843247898624.html"
"kem-03","BAG-Loong","kem","BAG-Loong-512","19043","21660","","runnable","Implementations/Reference_Implementation/Loong-Block-ms-512","https://www.niccs.org.cn/niccs/Round1Additional/pc/content/content_2101560843247898624.html"
"kem-04","BAG-Piglet","kem","bag_piglet_128","522","1027","","runnable","Implementations/Reference_Implementation/bag_piglet128","https://www.niccs.org.cn/niccs/Round1Additional/pc/content/content_2101560843373727744.html"
"kem-04","BAG-Piglet","kem","bag_piglet_256","1573","3097","","runnable","Implementations/Reference_Implementation/bag_piglet256","https://www.niccs.org.cn/niccs/Round1Additional/pc/content/content_2101560843373727744.html"
"kem-04","BAG-Piglet","kem","bag_piglet_384","2778","5475","","runnable","Implementations/Reference_Implementation/bag_piglet384","https://www.niccs.org.cn/niccs/Round1Additional/pc/content/content_2101560843373727744.html"
"kem-04","BAG-Piglet","kem","bag_piglet_512","4158","8204","","runnable","Implementations/Reference_Implementation/bag_piglet512","https://www.niccs.org.cn/niccs/Round1Additional/pc/content/content_2101560843373727744.html"
"kem-05","BIKE-MLThre","kem","BIKE_v2_128","1541","1573","","unavailable","Implementations/reference","https://www.niccs.org.cn/niccs/Round1Additional/pc/content/content_2101560843495362560.html"
"kem-05","BIKE-MLThre","kem","BIKE_v2_256","5122","5154","","unavailable","Implementations/reference","https://www.niccs.org.cn/niccs/Round1Additional/pc/content/content_2101560843495362560.html"
"kem-05","BIKE-MLThre","kem","BIKE_v2_512","18751","18815","","unavailable","Implementations/reference","https://www.niccs.org.cn/niccs/Round1Additional/pc/content/content_2101560843495362560.html"
"kem-06","BRA","kem","BRA-128","1078","2092","","runnable","Implementations/Reference_Implementation/BRA-128","https://www.niccs.org.cn/niccs/Round1Additional/pc/content/content_2101560843625385984.html"
"kem-06","BRA","kem","BRA-256","1735","3406","","runnable","Implementations/Reference_Implementation/BRA-256","https://www.niccs.org.cn/niccs/Round1Additional/pc/content/content_2101560843625385984.html"
"kem-06","BRA","kem","BRA-512","3573","7082","","runnable","Implementations/Reference_Implementation/BRA-512","https://www.niccs.org.cn/niccs/Round1Additional/pc/content/content_2101560843625385984.html"
"kem-07","BRQC","kem","BRQC-128","1954","3844","","runnable","Implementations/Reference_Implementation/BRQC-128","https://www.niccs.org.cn/niccs/Round1Additional/pc/content/content_2101560843751215104.html"
"kem-07","BRQC","kem","BRQC-256","3345","6626","","runnable","Implementations/Reference_Implementation/BRQC-256","https://www.niccs.org.cn/niccs/Round1Additional/pc/content/content_2101560843751215104.html"
"kem-07","BRQC","kem","BRQC-512","6562","13060","","runnable","Implementations/Reference_Implementation/BRQC-512","https://www.niccs.org.cn/niccs/Round1Additional/pc/content/content_2101560843751215104.html"
"kem-08","BW-KEM","kem","BW_KEM_C128","784","768","","runnable","Implementations/Reference_Implementation/BW_KEM_C128","https://www.niccs.org.cn/niccs/Round1Additional/pc/content/content_2101560843877044224.html"
"kem-08","BW-KEM","kem","BW_KEM_C256","1568","1440","","runnable","Implementations/Reference_Implementation/BW_KEM_C256","https://www.niccs.org.cn/niccs/Round1Additional/pc/content/content_2101560843877044224.html"
"kem-08","BW-KEM","kem","BW_KEM_C512","3136","2944","","runnable","Implementations/Reference_Implementation/BW_KEM_C512","https://www.niccs.org.cn/niccs/Round1Additional/pc/content/content_2101560843877044224.html"
"kem-09","CheetahKEM","kem","Cheetah128","832","864","","runnable","Implementations/Reference_Implementation/Cheetah128","https://www.niccs.org.cn/niccs/Round1Additional/pc/content/content_2101560844002873344.html"
"kem-09","CheetahKEM","kem","Cheetah256","1648","1728","","runnable","Implementations/Reference_Implementation/Cheetah256","https://www.niccs.org.cn/niccs/Round1Additional/pc/content/content_2101560844002873344.html"
"kem-09","CheetahKEM","kem","Cheetah384","2704","2832","","runnable","Implementations/Reference_Implementation/Cheetah384","https://www.niccs.org.cn/niccs/Round1Additional/pc/content/content_2101560844002873344.html"
"kem-09","CheetahKEM","kem","Cheetah512","3600","4032","","runnable","Implementations/Reference_Implementation/Cheetah512","https://www.niccs.org.cn/niccs/Round1Additional/pc/content/content_2101560844002873344.html"
"kem-10","C-Multi-UR-AG","kem","CMultiURAG-128","3866","7332","","runnable","Implementations/Reference_Implementation/CMultiURAG-128","https://www.niccs.org.cn/niccs/Round1Additional/pc/content/content_2101560844149673984.html"
"kem-10","C-Multi-UR-AG","kem","CMultiURAG-256","10780","15304","","unavailable","Implementations/Reference_Implementation/CMultiURAG-256","https://www.niccs.org.cn/niccs/Round1Additional/pc/content/content_2101560844149673984.html"
"kem-10","C-Multi-UR-AG","kem","CMultiURAG-512","28866","40926","","runnable","Implementations/Reference_Implementation/CMultiURAG-512","https://www.niccs.org.cn/niccs/Round1Additional/pc/content/content_2101560844149673984.html"
"kem-11","COMPASS-KEM","kem","COMPASS-KEM-128","672","768","","runnable","Implementations and Test_Vectors/Implementations/Reference_Implementation/COMPASS-KEM-128","https://www.niccs.org.cn/niccs/Round1Additional/pc/content/content_2101560844283891712.html"
"kem-11","COMPASS-KEM","kem","COMPASS-KEM-256","1312","1472","","unavailable","Implementations and Test_Vectors/Implementations/Reference_Implementation/COMPASS-KEM-256","https://www.niccs.org.cn/niccs/Round1Additional/pc/content/content_2101560844283891712.html"
"kem-11","COMPASS-KEM","kem","COMPASS-KEM-384","2144","2432","","unavailable","Implementations and Test_Vectors/Implementations/Reference_Implementation/COMPASS-KEM-384","https://www.niccs.org.cn/niccs/Round1Additional/pc/content/content_2101560844283891712.html"
"kem-11","COMPASS-KEM","kem","COMPASS-KEM-512","2848","3264","","unavailable","Implementations and Test_Vectors/Implementations/Reference_Implementation/COMPASS-KEM-512","https://www.niccs.org.cn/niccs/Round1Additional/pc/content/content_2101560844283891712.html"
"kem-12","CTL Algorithm","kem","CTL-257-512","521","473","","unavailable","Implementations and Test_Vectors/KEM-CTL-x86-Reference_Implementation/crypto_kem/Implementations/CTL-257-512","https://www.niccs.org.cn/niccs/Round1Additional/pc/content/content_2101560844426498048.html"
"kem-12","CTL Algorithm","kem","CTL-3329-2048","3009","2353","","unavailable","Implementations and Test_Vectors/KEM-CTL-x86-Reference_Implementation/crypto_kem/Implementations/CTL-3329-2048","https://www.niccs.org.cn/niccs/Round1Additional/pc/content/content_2101560844426498048.html"
"kem-12","CTL Algorithm","kem","CTL-769-1024","1230","1006","","unavailable","Implementations and Test_Vectors/KEM-CTL-x86-Reference_Implementation/crypto_kem/Implementations/CTL-769-1024","https://www.niccs.org.cn/niccs/Round1Additional/pc/content/content_2101560844426498048.html"
"kem-13","DKEM (Ding Key Encapsulation)","kem","DKEM-128","800","800","","unavailable","Implementations/Reference_Implementation/DKEM-128","https://www.niccs.org.cn/niccs/Round1Additional/pc/content/content_2101560844552327168.html"
"kem-13","DKEM (Ding Key Encapsulation)","kem","DKEM-256","1568","1600","","unavailable","Implementations/Reference_Implementation/DKEM-256","https://www.niccs.org.cn/niccs/Round1Additional/pc/content/content_2101560844552327168.html"
"kem-13","DKEM (Ding Key Encapsulation)","kem","DKEM-512","3392","3136","","unavailable","Implementations/Reference_Implementation/DKEM-512","https://www.niccs.org.cn/niccs/Round1Additional/pc/content/content_2101560844552327168.html"
"kem-14","DTRU","kem","DTRU-1024","1536","1280","","runnable","Implementations and Test_Vectors/Implementations/Reference_Implementation/DTRU-1024","https://www.niccs.org.cn/niccs/Round1Additional/pc/content/content_2101560844682350592.html"
"kem-14","DTRU","kem","DTRU-1024-PACK_PK","1506","1280","","unavailable","Implementations and Test_Vectors/Implementations/Reference_Implementation/DTRU-1024","https://www.niccs.org.cn/niccs/Round1Additional/pc/content/content_2101560844682350592.html"
"kem-14","DTRU","kem","DTRU-1536","2304","1920","","runnable","Implementations and Test_Vectors/Implementations/Reference_Implementation/DTRU-1536","https://www.niccs.org.cn/niccs/Round1Additional/pc/content/content_2101560844682350592.html"
"kem-14","DTRU","kem","DTRU-1536-PACK_PK","2259","1920","","unavailable","Implementations and Test_Vectors/Implementations/Reference_Implementation/DTRU-1536","https://www.niccs.org.cn/niccs/Round1Additional/pc/content/content_2101560844682350592.html"
"kem-14","DTRU","kem","DTRU-2048","3072","2560","","runnable","Implementations and Test_Vectors/Implementations/Reference_Implementation/DTRU-2048","https://www.niccs.org.cn/niccs/Round1Additional/pc/content/content_2101560844682350592.html"
"kem-14","DTRU","kem","DTRU-2048-PACK_PK","3012","2560","","unavailable","Implementations and Test_Vectors/Implementations/Reference_Implementation/DTRU-2048","https://www.niccs.org.cn/niccs/Round1Additional/pc/content/content_2101560844682350592.html"
"kem-14","DTRU","kem","DTRU-648","972","729","","runnable","Implementations and Test_Vectors/Implementations/Reference_Implementation/DTRU-648","https://www.niccs.org.cn/niccs/Round1Additional/pc/content/content_2101560844682350592.html"
"kem-14","DTRU","kem","DTRU-648-PACK_PK","954","729","","unavailable","Implementations and Test_Vectors/Implementations/Reference_Implementation/DTRU-648","https://www.niccs.org.cn/niccs/Round1Additional/pc/content/content_2101560844682350592.html"
"kem-14","DTRU","kem","DTRU-768","1152","960","","runnable","Implementations and Test_Vectors/Implementations/Reference_Implementation/DTRU-768","https://www.niccs.org.cn/niccs/Round1Additional/pc/content/content_2101560844682350592.html"
"kem-14","DTRU","kem","DTRU-768-PACK_PK","1130","960","","unavailable","Implementations and Test_Vectors/Implementations/Reference_Implementation/DTRU-768","https://www.niccs.org.cn/niccs/Round1Additional/pc/content/content_2101560844682350592.html"
"kem-14","DTRU","kem","DTRU-Light","640","512","","runnable","Implementations and Test_Vectors/Implementations/Reference_Implementation/DTRU-Light","https://www.niccs.org.cn/niccs/Round1Additional/pc/content/content_2101560844682350592.html"
"kem-14","DTRU","kem","DTRU-Prime","1495","1359","","runnable","Implementations and Test_Vectors/Implementations/Reference_Implementation/DTRU-Prime","https://www.niccs.org.cn/niccs/Round1Additional/pc/content/content_2101560844682350592.html"
"kem-15","FLIT","kem","FLIT128_REF","615","512","","runnable","Implementations/Reference_Implementation/FLIT128","https://www.niccs.org.cn/niccs/Round1Additional/pc/content/content_2101560844812374016.html"
"kem-15","FLIT","kem","FLIT256_REF","1229","1024","","runnable","Implementations/Reference_Implementation/FLIT256","https://www.niccs.org.cn/niccs/Round1Additional/pc/content/content_2101560844812374016.html"
"kem-15","FLIT","kem","FLIT512_REF","3072","2304","","runnable","Implementations/Reference_Implementation/FLIT512","https://www.niccs.org.cn/niccs/Round1Additional/pc/content/content_2101560844812374016.html"
"kem-16","HARE","kem","HARE-128-kr","2629","4688","","unavailable","Implementations and Test_Vectors/Implementations/Reference_Implementation/HARE-128/kr","https://www.niccs.org.cn/niccs/Round1Additional/pc/content/content_2101560844942397440.html"
"kem-16","HARE","kem","HARE-256-kr","6580","11790","","unavailable","Implementations and Test_Vectors/Implementations/Reference_Implementation/HARE-256/kr","https://www.niccs.org.cn/niccs/Round1Additional/pc/content/content_2101560844942397440.html"
"kem-16","HARE","kem","HARE-384-kr","13157","23693","","unavailable","Implementations and Test_Vectors/Implementations/Reference_Implementation/HARE-384/kr","https://www.niccs.org.cn/niccs/Round1Additional/pc/content/content_2101560844942397440.html"
"kem-16","HARE","kem","HARE-512-kr","21812","39294","","unavailable","Implementations and Test_Vectors/Implementations/Reference_Implementation/HARE-512/kr","https://www.niccs.org.cn/niccs/Round1Additional/pc/content/content_2101560844942397440.html"
"kem-17","Hybrid Equivalent Punctured and Quasi-Cyclic","kem","hep-qc-1","285889","4433","","unavailable","Implementations/Implementations/ref/hep-qc-1","https://www.niccs.org.cn/niccs/Round1Additional/pc/content/content_2101560853532332032.html"
"kem-17","Hybrid Equivalent Punctured and Quasi-Cyclic","kem","hep-qc-3","866210","8978","","unavailable","Implementations/Implementations/ref/hep-qc-3","https://www.niccs.org.cn/niccs/Round1Additional/pc/content/content_2101560853532332032.html"
"kem-17","Hybrid Equivalent Punctured and Quasi-Cyclic","kem","hep-qc-5","1852485","14421","","unavailable","Implementations/Implementations/ref/hep-qc-5","https://www.niccs.org.cn/niccs/Round1Additional/pc/content/content_2101560853532332032.html"
"kem-17","Hybrid Equivalent Punctured and Quasi-Cyclic","kem","hep-qc-7","12644449","49297","","unavailable","Implementations/Implementations/ref/hep-qc-7","https://www.niccs.org.cn/niccs/Round1Additional/pc/content/content_2101560853532332032.html"
"kem-18","LoongKEM","kem","Loong128","1472","1512","","runnable","Implementations/Reference_Implementation/Loong128","https://www.niccs.org.cn/niccs/Round1Additional/pc/content/content_2101560853666549760.html"
"kem-18","LoongKEM","kem","Loong256","3248","3520","","runnable","Implementations/Reference_Implementation/Loong256","https://www.niccs.org.cn/niccs/Round1Additional/pc/content/content_2101560853666549760.html"
"kem-18","LoongKEM","kem","Loong384","6444","6680","","runnable","Implementations/Reference_Implementation/Loong384","https://www.niccs.org.cn/niccs/Round1Additional/pc/content/content_2101560853666549760.html"
"kem-18","LoongKEM","kem","Loong512","10640","10848","","runnable","Implementations/Reference_Implementation/Loong512","https://www.niccs.org.cn/niccs/Round1Additional/pc/content/content_2101560853666549760.html"
"kem-19","Lore","kem","Lore-L1 · Lore-SHAKE/Lore-L1","610","706","","unavailable","Implementations and Test_Vectors/Implementations/Reference_Implementation/Lore-SHAKE/Lore-L1","https://www.niccs.org.cn/niccs/Round1Additional/pc/content/content_2101560853788184576.html"
"kem-19","Lore","kem","Lore-L1 · Lore-SM3/Lore-L1","610","706","","unavailable","Implementations and Test_Vectors/Implementations/Reference_Implementation/Lore-SM3/Lore-L1","https://www.niccs.org.cn/niccs/Round1Additional/pc/content/content_2101560853788184576.html"
"kem-19","Lore","kem","Lore-L2 · Lore-SHAKE/Lore-L2","1186","1282","","unavailable","Implementations and Test_Vectors/Implementations/Reference_Implementation/Lore-SHAKE/Lore-L2","https://www.niccs.org.cn/niccs/Round1Additional/pc/content/content_2101560853788184576.html"
"kem-19","Lore","kem","Lore-L2 · Lore-SM3/Lore-L2","1186","1282","","unavailable","Implementations and Test_Vectors/Implementations/Reference_Implementation/Lore-SM3/Lore-L2","https://www.niccs.org.cn/niccs/Round1Additional/pc/content/content_2101560853788184576.html"
"kem-19","Lore","kem","Lore-L3 · Lore-SHAKE/Lore-L3","1954","2114","","unavailable","Implementations and Test_Vectors/Implementations/Reference_Implementation/Lore-SHAKE/Lore-L3","https://www.niccs.org.cn/niccs/Round1Additional/pc/content/content_2101560853788184576.html"
"kem-19","Lore","kem","Lore-L3 · Lore-SM3/Lore-L3","1954","2114","","unavailable","Implementations and Test_Vectors/Implementations/Reference_Implementation/Lore-SM3/Lore-L3","https://www.niccs.org.cn/niccs/Round1Additional/pc/content/content_2101560853788184576.html"
"kem-19","Lore","kem","Lore-L4 · Lore-SHAKE/Lore-L4","2914","3170","","unavailable","Implementations and Test_Vectors/Implementations/Reference_Implementation/Lore-SHAKE/Lore-L4","https://www.niccs.org.cn/niccs/Round1Additional/pc/content/content_2101560853788184576.html"
"kem-19","Lore","kem","Lore-L4 · Lore-SM3/Lore-L4","2914","3170","","unavailable","Implementations and Test_Vectors/Implementations/Reference_Implementation/Lore-SM3/Lore-L4","https://www.niccs.org.cn/niccs/Round1Additional/pc/content/content_2101560853788184576.html"
"kem-20","MAMBA-Frost","kem","MAMBA-Frost-128","5152","5192","","unavailable","Implementations/Reference_Implementation/MAMBA-Frost-128","https://www.niccs.org.cn/niccs/Round1Additional/pc/content/content_2101560853918208000.html"
"kem-20","MAMBA-Frost","kem","MAMBA-Frost-192","9712","9760","","unavailable","Implementations/Reference_Implementation/MAMBA-Frost-192","https://www.niccs.org.cn/niccs/Round1Additional/pc/content/content_2101560853918208000.html"
"kem-20","MAMBA-Frost","kem","MAMBA-Frost-256","16776","15552","","unavailable","Implementations/Reference_Implementation/MAMBA-Frost-256","https://www.niccs.org.cn/niccs/Round1Additional/pc/content/content_2101560853918208000.html"
"kem-20","MAMBA-Frost","kem","MAMBA-Frost-384","25096","37736","","unavailable","Implementations/Reference_Implementation/MAMBA-Frost-384","https://www.niccs.org.cn/niccs/Round1Additional/pc/content/content_2101560853918208000.html"
"kem-20","MAMBA-Frost","kem","MAMBA-Frost-512","36432","72944","","unavailable","Implementations/Reference_Implementation/MAMBA-Frost-512","https://www.niccs.org.cn/niccs/Round1Additional/pc/content/content_2101560853918208000.html"
"kem-20","MAMBA-Frost","kem","MAMBA-Frost-CC-128","5152","5192","","unavailable","Implementations/Reference_Implementation/MAMBA-Frost-CC-128","https://www.niccs.org.cn/niccs/Round1Additional/pc/content/content_2101560853918208000.html"
"kem-20","MAMBA-Frost","kem","MAMBA-Frost-CC-192","9712","9760","","unavailable","Implementations/Reference_Implementation/MAMBA-Frost-CC-192","https://www.niccs.org.cn/niccs/Round1Additional/pc/content/content_2101560853918208000.html"
"kem-20","MAMBA-Frost","kem","MAMBA-Frost-CC-256","16776","15552","","unavailable","Implementations/Reference_Implementation/MAMBA-Frost-CC-256","https://www.niccs.org.cn/niccs/Round1Additional/pc/content/content_2101560853918208000.html"
"kem-20","MAMBA-Frost","kem","MAMBA-Frost-CC-384","37628","25204","","unavailable","Implementations/Reference_Implementation/MAMBA-Frost-CC-384","https://www.niccs.org.cn/niccs/Round1Additional/pc/content/content_2101560853918208000.html"
"kem-20","MAMBA-Frost","kem","MAMBA-Frost-CC-512","72832","36544","","unavailable","Implementations/Reference_Implementation/MAMBA-Frost-CC-512","https://www.niccs.org.cn/niccs/Round1Additional/pc/content/content_2101560853918208000.html"
"kem-21","MAMBA-Viper","kem","MAMBA-Viper-128","608","736","","runnable","Implementations/Reference_Implementation/MAMBA-Viper-128","https://www.niccs.org.cn/niccs/Round1Additional/pc/content/content_2101560854052425728.html"
"kem-21","MAMBA-Viper","kem","MAMBA-Viper-192","992","1088","","runnable","Implementations/Reference_Implementation/MAMBA-Viper-192","https://www.niccs.org.cn/niccs/Round1Additional/pc/content/content_2101560854052425728.html"
"kem-21","MAMBA-Viper","kem","MAMBA-Viper-256","1312","1472","","runnable","Implementations/Reference_Implementation/MAMBA-Viper-256","https://www.niccs.org.cn/niccs/Round1Additional/pc/content/content_2101560854052425728.html"
"kem-21","MAMBA-Viper","kem","MAMBA-Viper-384","2496","2656","","runnable","Implementations/Reference_Implementation/MAMBA-Viper-384","https://www.niccs.org.cn/niccs/Round1Additional/pc/content/content_2101560854052425728.html"
"kem-21","MAMBA-Viper","kem","MAMBA-Viper-512","3200","3456","","runnable","Implementations/Reference_Implementation/MAMBA-Viper-512","https://www.niccs.org.cn/niccs/Round1Additional/pc/content/content_2101560854052425728.html"
"kem-22","Mithril","kem","Mithril-128","944","928","","runnable","Implementations/Reference_Implementation/Mithril-128","https://www.niccs.org.cn/niccs/Round1Additional/pc/content/content_2101560862650748928.html"
"kem-22","Mithril","kem","Mithril-256","1648","1680","","runnable","Implementations/Reference_Implementation/Mithril-256","https://www.niccs.org.cn/niccs/Round1Additional/pc/content/content_2101560862650748928.html"
"kem-22","Mithril","kem","Mithril-512","3056","3504","","runnable","Implementations/Reference_Implementation/Mithril-512","https://www.niccs.org.cn/niccs/Round1Additional/pc/content/content_2101560862650748928.html"
"kem-23","Mito","kem","MITO_1_128","3908","5796","","runnable","Implementations/Reference_Implementation/Mito-1-128","https://www.niccs.org.cn/niccs/Round1Additional/pc/content/content_2101560862776578048.html"
"kem-23","Mito","kem","MITO_1_256","8522","12714","","runnable","Implementations/Reference_Implementation/Mito-1-256","https://www.niccs.org.cn/niccs/Round1Additional/pc/content/content_2101560862776578048.html"
"kem-23","Mito","kem","MITO_1_512","26630","39878","","runnable","Implementations/Reference_Implementation/Mito-1-512","https://www.niccs.org.cn/niccs/Round1Additional/pc/content/content_2101560862776578048.html"
"kem-23","Mito","kem","MITO_1_E_128","3720","5512","","runnable","Implementations/Reference_Implementation/Mito-1-E-128","https://www.niccs.org.cn/niccs/Round1Additional/pc/content/content_2101560862776578048.html"
"kem-23","Mito","kem","MITO_1_E_256","8130","12130","","runnable","Implementations/Reference_Implementation/Mito-1-E-256","https://www.niccs.org.cn/niccs/Round1Additional/pc/content/content_2101560862776578048.html"
"kem-23","Mito","kem","MITO_1_E_512","25674","38442","","runnable","Implementations/Reference_Implementation/Mito-1-E-512","https://www.niccs.org.cn/niccs/Round1Additional/pc/content/content_2101560862776578048.html"
"kem-23","Mito","kem","MITO_2_E_128","5192","6440","","runnable","Implementations/Reference_Implementation/Mito-2-E-128","https://www.niccs.org.cn/niccs/Round1Additional/pc/content/content_2101560862776578048.html"
"kem-23","Mito","kem","MITO_2_E_256","10828","13484","","runnable","Implementations/Reference_Implementation/Mito-2-E-256","https://www.niccs.org.cn/niccs/Round1Additional/pc/content/content_2101560862776578048.html"
"kem-23","Mito","kem","MITO_2_E_512","32712","40840","","runnable","Implementations/Reference_Implementation/Mito-2-E-512","https://www.niccs.org.cn/niccs/Round1Additional/pc/content/content_2101560862776578048.html"
"kem-24","MORNING-Scabbard","kem","scabbard128","736","760","","runnable","Implementations/Reference_Implementation/scabbard128","https://www.niccs.org.cn/niccs/Round1Additional/pc/content/content_2101560862906601472.html"
"kem-24","MORNING-Scabbard","kem","scabbard256","1616","1648","","runnable","Implementations/Reference_Implementation/scabbard256","https://www.niccs.org.cn/niccs/Round1Additional/pc/content/content_2101560862906601472.html"
"kem-24","MORNING-Scabbard","kem","scabbard512","2880","3072","","runnable","Implementations/Reference_Implementation/scabbard512","https://www.niccs.org.cn/niccs/Round1Additional/pc/content/content_2101560862906601472.html"
"kem-25","NEV","kem","NEV_1024_1409_ICCS","1344","1344","","unavailable","Implementations/Reference_Implementation/NEV-R2","https://www.niccs.org.cn/niccs/Round1Additional/pc/content/content_2101560863040819200.html"
"kem-25","NEV","kem","NEV_1024_3329_ICCS","1536","1536","","unavailable","Implementations/Reference_Implementation/NEV-D2","https://www.niccs.org.cn/niccs/Round1Additional/pc/content/content_2101560863040819200.html"
"kem-25","NEV","kem","NEV_1024_769_C_ICCS","1229","1024","","unavailable","Implementations/Reference_Implementation/NEV-C2-c","https://www.niccs.org.cn/niccs/Round1Additional/pc/content/content_2101560863040819200.html"
"kem-25","NEV","kem","NEV_1024_769_ICCS","1229","1229","","unavailable","Implementations/Reference_Implementation/NEV-C2","https://www.niccs.org.cn/niccs/Round1Additional/pc/content/content_2101560863040819200.html"
"kem-25","NEV","kem","NEV_2048_1409_ICCS","2688","2688","","unavailable","Implementations/Reference_Implementation/NEV-R3","https://www.niccs.org.cn/niccs/Round1Additional/pc/content/content_2101560863040819200.html"
"kem-25","NEV","kem","NEV_2048_3329_ICCS","3072","3072","","unavailable","Implementations/Reference_Implementation/NEV-D3","https://www.niccs.org.cn/niccs/Round1Additional/pc/content/content_2101560863040819200.html"
"kem-25","NEV","kem","NEV_2048_769_C_ICCS","2458","2048","","unavailable","Implementations/Reference_Implementation/NEV-C3-c","https://www.niccs.org.cn/niccs/Round1Additional/pc/content/content_2101560863040819200.html"
"kem-25","NEV","kem","NEV_2048_769_ICCS","2458","2458","","unavailable","Implementations/Reference_Implementation/NEV-C3","https://www.niccs.org.cn/niccs/Round1Additional/pc/content/content_2101560863040819200.html"
"kem-25","NEV","kem","NEV_512_1409_ICCS","672","672","","unavailable","Implementations/Reference_Implementation/NEV-R1","https://www.niccs.org.cn/niccs/Round1Additional/pc/content/content_2101560863040819200.html"
"kem-25","NEV","kem","NEV_512_3329_ICCS","768","768","","unavailable","Implementations/Reference_Implementation/NEV-D1","https://www.niccs.org.cn/niccs/Round1Additional/pc/content/content_2101560863040819200.html"
"kem-25","NEV","kem","NEV_512_769_C_ICCS","615","512","","unavailable","Implementations/Reference_Implementation/NEV-C1-c","https://www.niccs.org.cn/niccs/Round1Additional/pc/content/content_2101560863040819200.html"
"kem-25","NEV","kem","NEV_512_769_ICCS","615","615","","unavailable","Implementations/Reference_Implementation/NEV-C1","https://www.niccs.org.cn/niccs/Round1Additional/pc/content/content_2101560863040819200.html"
"kem-26","NSS-HQC","kem","HQC-128","3713","5185","","runnable","Implementations and Test_Vectors/Implementations/Reference_Implementation/HQC-128","https://www.niccs.org.cn/niccs/Round1Additional/pc/content/content_2101560863191814144.html"
"kem-26","NSS-HQC","kem","HQC-256","6844","9084","","runnable","Implementations and Test_Vectors/Implementations/Reference_Implementation/HQC-256","https://www.niccs.org.cn/niccs/Round1Additional/pc/content/content_2101560863191814144.html"
"kem-26","NSS-HQC","kem","HQC-384","15371","18571","","runnable","Implementations and Test_Vectors/Implementations/Reference_Implementation/HQC-384","https://www.niccs.org.cn/niccs/Round1Additional/pc/content/content_2101560863191814144.html"
"kem-26","NSS-HQC","kem","HQC-512","27302","31462","","runnable","Implementations and Test_Vectors/Implementations/Reference_Implementation/HQC-512","https://www.niccs.org.cn/niccs/Round1Additional/pc/content/content_2101560863191814144.html"
"kem-27","NTRE Key Encapsulation Mechanism","kem","NTRE-128","972","972","","runnable","Implementations/Reference_Implementation/NTRE-128","https://www.niccs.org.cn/niccs/Round1Additional/pc/content/content_2101560863326031872.html"
"kem-27","NTRE Key Encapsulation Mechanism","kem","NTRE-256","1944","1944","","runnable","Implementations/Reference_Implementation/NTRE-256","https://www.niccs.org.cn/niccs/Round1Additional/pc/content/content_2101560863326031872.html"
"kem-27","NTRE Key Encapsulation Mechanism","kem","NTRE-512","3456","3456","","runnable","Implementations/Reference_Implementation/NTRE-512","https://www.niccs.org.cn/niccs/Round1Additional/pc/content/content_2101560863326031872.html"
"kem-28","OAEP-NTRU","kem","OAEP-NTRU-1296","2430","2494","","runnable","Implementations/Reference_Implementation/OAEP-NTRU-1296","https://www.niccs.org.cn/niccs/Round1Additional/pc/content/content_2101560871911772160.html"
"kem-28","OAEP-NTRU","kem","OAEP-NTRU-2592","4860","4988","","runnable","Implementations/Reference_Implementation/OAEP-NTRU-2592","https://www.niccs.org.cn/niccs/Round1Additional/pc/content/content_2101560871911772160.html"
"kem-28","OAEP-NTRU","kem","OAEP-NTRU-648","1053","1085","","runnable","Implementations/Reference_Implementation/OAEP-NTRU-648","https://www.niccs.org.cn/niccs/Round1Additional/pc/content/content_2101560871911772160.html"
"kem-29","Polar-KEM","kem","PolarKEM-128","1024","768","","runnable","Submission_Package/Implementations/Reference_Implementation/PolarKEM-128","https://www.niccs.org.cn/niccs/Round1Additional/pc/content/content_2101560872041795584.html"
"kem-29","Polar-KEM","kem","PolarKEM-256","2048","1280","","runnable","Submission_Package/Implementations/Reference_Implementation/PolarKEM-256","https://www.niccs.org.cn/niccs/Round1Additional/pc/content/content_2101560872041795584.html"
"kem-29","Polar-KEM","kem","PolarKEM-512","4096","2304","","runnable","Submission_Package/Implementations/Reference_Implementation/PolarKEM-512","https://www.niccs.org.cn/niccs/Round1Additional/pc/content/content_2101560872041795584.html"
"kem-30","PolarLAC","kem","POLARLAC-128","530","640","","unavailable","Implementations/Reference_Implementation/x86/POLARLAC-128","https://www.niccs.org.cn/niccs/Round1Additional/pc/content/content_2101560872180207616.html"
"kem-30","PolarLAC","kem","POLARLAC-256","1060","1280","","unavailable","Implementations/Reference_Implementation/x86/POLARLAC-256","https://www.niccs.org.cn/niccs/Round1Additional/pc/content/content_2101560872180207616.html"
"kem-30","PolarLAC","kem","POLARLAC-512","2116","2560","","unavailable","Implementations/Reference_Implementation/x86/POLARLAC-512","https://www.niccs.org.cn/niccs/Round1Additional/pc/content/content_2101560872180207616.html"
"kem-30","PolarLAC","kem","POLARLAC-512-Star","2522","2970","","unavailable","Implementations/Reference_Implementation/x86/POLARLAC-512-Star","https://www.niccs.org.cn/niccs/Round1Additional/pc/content/content_2101560872180207616.html"
"kem-30","PolarLAC","kem","POLARLAC-Light","530","608","","unavailable","Implementations/Reference_Implementation/x86/POLARLAC-Light","https://www.niccs.org.cn/niccs/Round1Additional/pc/content/content_2101560872180207616.html"
"kem-31","QIMEN-PIKE","kem","NGCC-1","389","602","","unavailable","Implementations/Implementations","https://www.niccs.org.cn/niccs/Round1Additional/pc/content/content_2101560872306036736.html"
"kem-31","QIMEN-PIKE","kem","NGCC-2","592","882","","unavailable","Implementations/Implementations","https://www.niccs.org.cn/niccs/Round1Additional/pc/content/content_2101560872306036736.html"
"kem-31","QIMEN-PIKE","kem","NGCC-3","1198","1746","","unavailable","Implementations/Implementations","https://www.niccs.org.cn/niccs/Round1Additional/pc/content/content_2101560872306036736.html"
"kem-32","Quasi-Cyclic Twisted McEliece Key Encapsulation Mechanism","kem","QCTM128","167987","640","","unavailable","Implementations/Reference_Implementation/QCTM128","https://www.niccs.org.cn/niccs/Round1Additional/pc/content/content_2101560872431865856.html"
"kem-32","Quasi-Cyclic Twisted McEliece Key Encapsulation Mechanism","kem","QCTM256","595662","1153","","unavailable","Implementations/Reference_Implementation/QCTM256","https://www.niccs.org.cn/niccs/Round1Additional/pc/content/content_2101560872431865856.html"
"kem-32","Quasi-Cyclic Twisted McEliece Key Encapsulation Mechanism","kem","QCTM512","2374727","2264","","unavailable","Implementations/Reference_Implementation/QCTM512","https://www.niccs.org.cn/niccs/Round1Additional/pc/content/content_2101560872431865856.html"
"kem-33","QUBE","kem","qube_128","3294","3287","","unavailable","Implementations/Reference_Implementation/qube-128","https://www.niccs.org.cn/niccs/Round1Additional/pc/content/content_2101560881000828928.html"
"kem-33","QUBE","kem","qube_192","6364","6362","","unavailable","Implementations/Reference_Implementation/qube-192","https://www.niccs.org.cn/niccs/Round1Additional/pc/content/content_2101560881000828928.html"
"kem-33","QUBE","kem","qube_256","10446","10423","","unavailable","Implementations/Reference_Implementation/qube-256","https://www.niccs.org.cn/niccs/Round1Additional/pc/content/content_2101560881000828928.html"
"kem-33","QUBE","kem","qube_384","20738","20633","","unavailable","Implementations/Reference_Implementation/qube-384","https://www.niccs.org.cn/niccs/Round1Additional/pc/content/content_2101560881000828928.html"
"kem-33","QUBE","kem","qube_512","34028","33846","","unavailable","Implementations/Reference_Implementation/qube-512","https://www.niccs.org.cn/niccs/Round1Additional/pc/content/content_2101560881000828928.html"
"kem-34","Rudraksh2","kem","lwekem128","880","912","","unavailable","Implementations/Reference_Implementation/lwekem128","https://www.niccs.org.cn/niccs/Round1Additional/pc/content/content_2101560881139240960.html"
"kem-34","Rudraksh2","kem","lwekem256","1760","1728","","unavailable","Implementations/Reference_Implementation/lwekem256","https://www.niccs.org.cn/niccs/Round1Additional/pc/content/content_2101560881139240960.html"
"kem-34","Rudraksh2","kem","lwekem512","3392","3552","","unavailable","Implementations/Reference_Implementation/lwekem512","https://www.niccs.org.cn/niccs/Round1Additional/pc/content/content_2101560881139240960.html"
"kem-35","Scloud+","kem","Scloudplus-128-AES-packed10","6096","6160","","unavailable","Implementations and Test_Vectors/Implementations/Reference_Implementation/Scloudplus-128/kem","https://www.niccs.org.cn/niccs/Round1Additional/pc/content/content_2101560881269264384.html"
"kem-35","Scloud+","kem","Scloudplus-128-SHAKE-packed10","6096","6160","","unavailable","Implementations and Test_Vectors/Implementations/Reference_Implementation/Scloudplus-128/kem","https://www.niccs.org.cn/niccs/Round1Additional/pc/content/content_2101560881269264384.html"
"kem-35","Scloud+","kem","Scloudplus-128-SM3-packed10","6096","6160","","unavailable","Implementations and Test_Vectors/Implementations/Reference_Implementation/Scloudplus-128/kem","https://www.niccs.org.cn/niccs/Round1Additional/pc/content/content_2101560881269264384.html"
"kem-35","Scloud+","kem","Scloudplus-192-AES-packed10","11456","12645","","unavailable","Implementations and Test_Vectors/Implementations/Reference_Implementation/Scloudplus-192/kem","https://www.niccs.org.cn/niccs/Round1Additional/pc/content/content_2101560881269264384.html"
"kem-35","Scloud+","kem","Scloudplus-192-SHAKE-packed10","11456","12645","","unavailable","Implementations and Test_Vectors/Implementations/Reference_Implementation/Scloudplus-192/kem","https://www.niccs.org.cn/niccs/Round1Additional/pc/content/content_2101560881269264384.html"
"kem-35","Scloud+","kem","Scloudplus-192-SM3-packed10","11456","12645","","unavailable","Implementations and Test_Vectors/Implementations/Reference_Implementation/Scloudplus-192/kem","https://www.niccs.org.cn/niccs/Round1Additional/pc/content/content_2101560881269264384.html"
"kem-35","Scloud+","kem","Scloudplus-256-AES-packed10","16296","17925","","unavailable","Implementations and Test_Vectors/Implementations/Reference_Implementation/Scloudplus-256/kem","https://www.niccs.org.cn/niccs/Round1Additional/pc/content/content_2101560881269264384.html"
"kem-35","Scloud+","kem","Scloudplus-256-SHAKE-packed10","16296","17925","","unavailable","Implementations and Test_Vectors/Implementations/Reference_Implementation/Scloudplus-256/kem","https://www.niccs.org.cn/niccs/Round1Additional/pc/content/content_2101560881269264384.html"
"kem-35","Scloud+","kem","Scloudplus-256-SM3-packed10","16296","17925","","unavailable","Implementations and Test_Vectors/Implementations/Reference_Implementation/Scloudplus-256/kem","https://www.niccs.org.cn/niccs/Round1Additional/pc/content/content_2101560881269264384.html"
"kem-35","Scloud+","kem","Scloudplus-384-AES-packed10","33296","33600","","unavailable","Implementations and Test_Vectors/Implementations/Reference_Implementation/Scloudplus-384/kem","https://www.niccs.org.cn/niccs/Round1Additional/pc/content/content_2101560881269264384.html"
"kem-35","Scloud+","kem","Scloudplus-384-SHAKE-packed10","33296","33600","","unavailable","Implementations and Test_Vectors/Implementations/Reference_Implementation/Scloudplus-384/kem","https://www.niccs.org.cn/niccs/Round1Additional/pc/content/content_2101560881269264384.html"
"kem-35","Scloud+","kem","Scloudplus-384-SM3-packed10","33296","33600","","unavailable","Implementations and Test_Vectors/Implementations/Reference_Implementation/Scloudplus-384/kem","https://www.niccs.org.cn/niccs/Round1Additional/pc/content/content_2101560881269264384.html"
"kem-35","Scloud+","kem","Scloudplus-512-AES-packed10","48016","48320","","unavailable","Implementations and Test_Vectors/Implementations/Reference_Implementation/Scloudplus-512/kem","https://www.niccs.org.cn/niccs/Round1Additional/pc/content/content_2101560881269264384.html"
"kem-35","Scloud+","kem","Scloudplus-512-SHAKE-packed10","48016","48320","","unavailable","Implementations and Test_Vectors/Implementations/Reference_Implementation/Scloudplus-512/kem","https://www.niccs.org.cn/niccs/Round1Additional/pc/content/content_2101560881269264384.html"
"kem-35","Scloud+","kem","Scloudplus-512-SM3-packed10","48016","48320","","unavailable","Implementations and Test_Vectors/Implementations/Reference_Implementation/Scloudplus-512/kem","https://www.niccs.org.cn/niccs/Round1Additional/pc/content/content_2101560881269264384.html"
"kem-36","TRIKE","kem","TRIKE-2","1980","3928","","runnable","Implementations and Test_Vectors/Implementations/Reference_Implementation/TRIKE-2","https://www.niccs.org.cn/niccs/Round1Additional/pc/content/content_2101560881424453632.html"
"kem-36","TRIKE","kem","TRIKE-5","4453","8874","","runnable","Implementations and Test_Vectors/Implementations/Reference_Implementation/TRIKE-5","https://www.niccs.org.cn/niccs/Round1Additional/pc/content/content_2101560881424453632.html"
"kem-36","TRIKE","kem","TRIKE-7","8776","17488","","runnable","Implementations and Test_Vectors/Implementations/Reference_Implementation/TRIKE-7","https://www.niccs.org.cn/niccs/Round1Additional/pc/content/content_2101560881424453632.html"
"kem-36","TRIKE","kem","TRIKE-9","14320","28576","","runnable","Implementations and Test_Vectors/Implementations/Reference_Implementation/TRIKE-9","https://www.niccs.org.cn/niccs/Round1Additional/pc/content/content_2101560881424453632.html"
"kem-37","TriQ-KEM","kem","TriQ-KEM-128","2054","4086","","runnable","Implementations/Reference_Implementation/TriQ-KEM-128","https://www.niccs.org.cn/niccs/Round1Additional/pc/content/content_2101560881558671360.html"
"kem-37","TriQ-KEM","kem","TriQ-KEM-256","6328","12472","","runnable","Implementations/Reference_Implementation/TriQ-KEM-256","https://www.niccs.org.cn/niccs/Round1Additional/pc/content/content_2101560881558671360.html"
"kem-37","TriQ-KEM","kem","TriQ-KEM-384","12255","24335","","runnable","Implementations/Reference_Implementation/TriQ-KEM-384","https://www.niccs.org.cn/niccs/Round1Additional/pc/content/content_2101560881558671360.html"
"kem-37","TriQ-KEM","kem","TriQ-KEM-512","19768","39320","","runnable","Implementations/Reference_Implementation/TriQ-KEM-512","https://www.niccs.org.cn/niccs/Round1Additional/pc/content/content_2101560881558671360.html"
"kem-38","UVW Key Encapsulation Mechanism","kem","UVW_KEM_128","208013","1032","","unavailable","Implementations/Reference_Implementation/UVW-KEM-128","https://www.niccs.org.cn/niccs/Round1Additional/pc/content/content_2101560881697083392.html"
"kem-38","UVW Key Encapsulation Mechanism","kem","UVW_KEM_256","911645","2199","","unavailable","Implementations/Reference_Implementation/UVW-KEM-256","https://www.niccs.org.cn/niccs/Round1Additional/pc/content/content_2101560881697083392.html"
"kem-38","UVW Key Encapsulation Mechanism","kem","UVW_KEM_512","4001850","4820","","unavailable","Implementations/Reference_Implementation/UVW-KEM-512","https://www.niccs.org.cn/niccs/Round1Additional/pc/content/content_2101560881697083392.html"
"kem-39","Weaver","kem","WeaverKEM-128","752","816","","runnable","Implementations/Reference_Implementation/WeaverKEM-128","https://www.niccs.org.cn/niccs/Round1Additional/pc/content/content_2101560890312183808.html"
"kem-39","Weaver","kem","WeaverKEM-256","1312","1536","","runnable","Implementations/Reference_Implementation/WeaverKEM-256","https://www.niccs.org.cn/niccs/Round1Additional/pc/content/content_2101560890312183808.html"
"kem-39","Weaver","kem","WeaverKEM-512","2880","3392","","runnable","Implementations/Reference_Implementation/WeaverKEM-512","https://www.niccs.org.cn/niccs/Round1Additional/pc/content/content_2101560890312183808.html"
"kem-40","YuanYang.KEM","kem","YuanYang-KEM · Reference_Implementation/yuanyang-1024","1568","1344","","runnable","Implementations/Reference_Implementation/yuanyang-1024","https://www.niccs.org.cn/niccs/Round1Additional/pc/content/content_2101560890442207232.html"
"kem-40","YuanYang.KEM","kem","YuanYang-KEM · Reference_Implementation/yuanyang-2048","3328","2880","","runnable","Implementations/Reference_Implementation/yuanyang-2048","https://www.niccs.org.cn/niccs/Round1Additional/pc/content/content_2101560890442207232.html"
"kem-40","YuanYang.KEM","kem","YuanYang-KEM · Reference_Implementation/yuanyang-512","736","656","","runnable","Implementations/Reference_Implementation/yuanyang-512","https://www.niccs.org.cn/niccs/Round1Additional/pc/content/content_2101560890442207232.html"
"kem-41","ZEN","kem","ZEN_128","615","512","","runnable","Implementations/Reference_Implementation/ZEN_128","https://www.niccs.org.cn/niccs/Round1Additional/pc/content/content_2101560890563842048.html"
"kem-41","ZEN","kem","ZEN_256","1229","1024","","runnable","Implementations/Reference_Implementation/ZEN_256","https://www.niccs.org.cn/niccs/Round1Additional/pc/content/content_2101560890563842048.html"
"kem-41","ZEN","kem","ZEN_512","2458","2048","","runnable","Implementations/Reference_Implementation/ZEN_512","https://www.niccs.org.cn/niccs/Round1Additional/pc/content/content_2101560890563842048.html"
"kex-01","ADKEX (Authenticated Ding Key Exchange)","kex","ADKEX-128","800","","","unavailable","Implementations/Reference_Implementation/ADKEX-128","https://www.niccs.org.cn/niccs/Round1Additional/pc/content/content_2101560625202810880.html"
"kex-01","ADKEX (Authenticated Ding Key Exchange)","kex","ADKEX-256","1568","","","unavailable","Implementations/Reference_Implementation/ADKEX-256","https://www.niccs.org.cn/niccs/Round1Additional/pc/content/content_2101560625202810880.html"
"kex-01","ADKEX (Authenticated Ding Key Exchange)","kex","ADKEX-512","3392","","","unavailable","Implementations/Reference_Implementation/ADKEX-512","https://www.niccs.org.cn/niccs/Round1Additional/pc/content/content_2101560625202810880.html"
"kex-02","AFS-KEX","kex","AFS_KEX_C128","1568","","","runnable","Implementations and Test_Vectors/Implementations/Reference_Implementation/AFS_KEX_C128","https://www.niccs.org.cn/niccs/Round1Additional/pc/content/content_2101560625362194432.html"
"kex-02","AFS-KEX","kex","AFS_KEX_C256","3136","","","runnable","Implementations and Test_Vectors/Implementations/Reference_Implementation/AFS_KEX_C256","https://www.niccs.org.cn/niccs/Round1Additional/pc/content/content_2101560625362194432.html"
"kex-02","AFS-KEX","kex","AFS_KEX_C512","6272","","","runnable","Implementations and Test_Vectors/Implementations/Reference_Implementation/AFS_KEX_C512","https://www.niccs.org.cn/niccs/Round1Additional/pc/content/content_2101560625362194432.html"
"kex-03","CreTAKE","kex","CreTAKE-K2K-PLAC128","530","","","runnable","Implementations/Reference_Implementation/CreTAKE128/CreTAKE-K2K-PLAC128","https://www.niccs.org.cn/niccs/Round1Additional/pc/content/content_2101560625517383680.html"
"kex-03","CreTAKE","kex","CreTAKE-K2K-PLAC256","1060","","","runnable","Implementations/Reference_Implementation/CreTAKE256/CreTAKE-K2K-PLAC256","https://www.niccs.org.cn/niccs/Round1Additional/pc/content/content_2101560625517383680.html"
"kex-03","CreTAKE","kex","CreTAKE-K2K-PLAC512","2116","","","runnable","Implementations/Reference_Implementation/CreTAKE512/CreTAKE-K2K-PLAC512","https://www.niccs.org.cn/niccs/Round1Additional/pc/content/content_2101560625517383680.html"
"kex-03","CreTAKE","kex","CreTAKE-K2K-PLAC512Star","2522","","","runnable","Implementations/Reference_Implementation/CreTAKE512/CreTAKE-K2K-PLAC512Star","https://www.niccs.org.cn/niccs/Round1Additional/pc/content/content_2101560625517383680.html"
"kex-03","CreTAKE","kex","CreTAKE-K2K-ZEN128","615","","","runnable","Implementations/Reference_Implementation/CreTAKE128/CreTAKE-K2K-ZEN128","https://www.niccs.org.cn/niccs/Round1Additional/pc/content/content_2101560625517383680.html"
"kex-03","CreTAKE","kex","CreTAKE-K2K-ZEN256","1229","","","runnable","Implementations/Reference_Implementation/CreTAKE256/CreTAKE-K2K-ZEN256","https://www.niccs.org.cn/niccs/Round1Additional/pc/content/content_2101560625517383680.html"
"kex-03","CreTAKE","kex","CreTAKE-K2K-ZEN512","2458","","","runnable","Implementations/Reference_Implementation/CreTAKE512/CreTAKE-K2K-ZEN512","https://www.niccs.org.cn/niccs/Round1Additional/pc/content/content_2101560625517383680.html"
"kex-03","CreTAKE","kex","CreTAKE-K2S-PLAC128-BiT128","1048","","","runnable","Implementations/Reference_Implementation/CreTAKE128/CreTAKE-K2S-PLAC128-BiT128","https://www.niccs.org.cn/niccs/Round1Additional/pc/content/content_2101560625517383680.html"
"kex-03","CreTAKE","kex","CreTAKE-K2S-PLAC256-BiT256","2144","","","runnable","Implementations/Reference_Implementation/CreTAKE256/CreTAKE-K2S-PLAC256-BiT256","https://www.niccs.org.cn/niccs/Round1Additional/pc/content/content_2101560625517383680.html"
"kex-03","CreTAKE","kex","CreTAKE-K2S-PLAC512-BiT512","5056","","","runnable","Implementations/Reference_Implementation/CreTAKE512/CreTAKE-K2S-PLAC512-BiT512","https://www.niccs.org.cn/niccs/Round1Additional/pc/content/content_2101560625517383680.html"
"kex-03","CreTAKE","kex","CreTAKE-K2S-ZEN128-BiT128","1048","","","runnable","Implementations/Reference_Implementation/CreTAKE128/CreTAKE-K2S-ZEN128-BiT128","https://www.niccs.org.cn/niccs/Round1Additional/pc/content/content_2101560625517383680.html"
"kex-03","CreTAKE","kex","CreTAKE-K2S-ZEN256-BiT256","2144","","","runnable","Implementations/Reference_Implementation/CreTAKE256/CreTAKE-K2S-ZEN256-BiT256","https://www.niccs.org.cn/niccs/Round1Additional/pc/content/content_2101560625517383680.html"
"kex-03","CreTAKE","kex","CreTAKE-K2S-ZEN512-BiT512","5056","","","runnable","Implementations/Reference_Implementation/CreTAKE512/CreTAKE-K2S-ZEN512-BiT512","https://www.niccs.org.cn/niccs/Round1Additional/pc/content/content_2101560625517383680.html"
"kex-03","CreTAKE","kex","CreTAKE-S2K-BiT128-PLAC128","1048","","","runnable","Implementations/Reference_Implementation/CreTAKE128/CreTAKE-S2K-BiT128-PLAC128","https://www.niccs.org.cn/niccs/Round1Additional/pc/content/content_2101560625517383680.html"
"kex-03","CreTAKE","kex","CreTAKE-S2K-BiT128-ZEN128","1048","","","runnable","Implementations/Reference_Implementation/CreTAKE128/CreTAKE-S2K-BiT128-ZEN128","https://www.niccs.org.cn/niccs/Round1Additional/pc/content/content_2101560625517383680.html"
"kex-03","CreTAKE","kex","CreTAKE-S2K-BiT256-PLAC256","2144","","","runnable","Implementations/Reference_Implementation/CreTAKE256/CreTAKE-S2K-BiT256-PLAC256","https://www.niccs.org.cn/niccs/Round1Additional/pc/content/content_2101560625517383680.html"
"kex-03","CreTAKE","kex","CreTAKE-S2K-BiT256-ZEN256","2144","","","runnable","Implementations/Reference_Implementation/CreTAKE256/CreTAKE-S2K-BiT256-ZEN256","https://www.niccs.org.cn/niccs/Round1Additional/pc/content/content_2101560625517383680.html"
"kex-03","CreTAKE","kex","CreTAKE-S2K-BiT512-PLAC512","5056","","","runnable","Implementations/Reference_Implementation/CreTAKE512/CreTAKE-S2K-BiT512-PLAC512","https://www.niccs.org.cn/niccs/Round1Additional/pc/content/content_2101560625517383680.html"
"kex-03","CreTAKE","kex","CreTAKE-S2K-BiT512-ZEN512","5056","","","runnable","Implementations/Reference_Implementation/CreTAKE512/CreTAKE-S2K-BiT512-ZEN512","https://www.niccs.org.cn/niccs/Round1Additional/pc/content/content_2101560625517383680.html"
"kex-03","CreTAKE","kex","CreTAKE-S2S-BiT128-ePLAC128","1048","","","runnable","Implementations/Reference_Implementation/CreTAKE128/CreTAKE-S2S-BiT128-ePLAC128","https://www.niccs.org.cn/niccs/Round1Additional/pc/content/content_2101560625517383680.html"
"kex-03","CreTAKE","kex","CreTAKE-S2S-BiT128-eZEN128","1048","","","runnable","Implementations/Reference_Implementation/CreTAKE128/CreTAKE-S2S-BiT128-eZEN128","https://www.niccs.org.cn/niccs/Round1Additional/pc/content/content_2101560625517383680.html"
"kex-03","CreTAKE","kex","CreTAKE-S2S-BiT256-ePLAC256","2144","","","runnable","Implementations/Reference_Implementation/CreTAKE256/CreTAKE-S2S-BiT256-ePLAC256","https://www.niccs.org.cn/niccs/Round1Additional/pc/content/content_2101560625517383680.html"
"kex-03","CreTAKE","kex","CreTAKE-S2S-BiT256-eZEN256","2144","","","runnable","Implementations/Reference_Implementation/CreTAKE256/CreTAKE-S2S-BiT256-eZEN256","https://www.niccs.org.cn/niccs/Round1Additional/pc/content/content_2101560625517383680.html"
"kex-03","CreTAKE","kex","CreTAKE-S2S-BiT512-ePLAC512","5056","","","runnable","Implementations/Reference_Implementation/CreTAKE512/CreTAKE-S2S-BiT512-ePLAC512","https://www.niccs.org.cn/niccs/Round1Additional/pc/content/content_2101560625517383680.html"
"kex-03","CreTAKE","kex","CreTAKE-S2S-BiT512-eZEN512","5056","","","runnable","Implementations/Reference_Implementation/CreTAKE512/CreTAKE-S2S-BiT512-eZEN512","https://www.niccs.org.cn/niccs/Round1Additional/pc/content/content_2101560625517383680.html"
"kex-04","DKEX (Ding Key Exchange)","kex","DKEX-128","1312","","","unavailable","Implementations/Reference_Implementation/DKEX-128","https://www.niccs.org.cn/niccs/Round1Additional/pc/content/content_2101560625651601408.html"
"kex-04","DKEX (Ding Key Exchange)","kex","DKEX-256","2592","","","unavailable","Implementations/Reference_Implementation/DKEX-256","https://www.niccs.org.cn/niccs/Round1Additional/pc/content/content_2101560625651601408.html"
"kex-04","DKEX (Ding Key Exchange)","kex","DKEX-512","2592","","","unavailable","Implementations/Reference_Implementation/DKEX-512","https://www.niccs.org.cn/niccs/Round1Additional/pc/content/content_2101560625651601408.html"
"kex-05","Loom","kex","LoomKEX-128","1264","","","unavailable","Implementations and Test_Vectors/Implementations/Reference_Implementation/LoomKEX-128","https://www.niccs.org.cn/niccs/Round1Additional/pc/content/content_2101560625773236224.html"
"kex-05","Loom","kex","LoomKEX-256","1952","","","unavailable","Implementations and Test_Vectors/Implementations/Reference_Implementation/LoomKEX-256","https://www.niccs.org.cn/niccs/Round1Additional/pc/content/content_2101560625773236224.html"
"kex-05","Loom","kex","LoomKEX-512","3648","","","unavailable","Implementations and Test_Vectors/Implementations/Reference_Implementation/LoomKEX-512","https://www.niccs.org.cn/niccs/Round1Additional/pc/content/content_2101560625773236224.html"
"kex-06","MAMBA-NIKE","kex","MAMBA-NIKE-128","1184","","","unavailable","Implementations/Reference_Implementation/MAMBA-NIKE-128","https://www.niccs.org.cn/niccs/Round1Additional/pc/content/content_2101560625907453952.html"
"kex-06","MAMBA-NIKE","kex","MAMBA-NIKE-192","1312","","","unavailable","Implementations/Reference_Implementation/MAMBA-NIKE-192","https://www.niccs.org.cn/niccs/Round1Additional/pc/content/content_2101560625907453952.html"
"kex-06","MAMBA-NIKE","kex","MAMBA-NIKE-256","1312","","","unavailable","Implementations/Reference_Implementation/MAMBA-NIKE-256","https://www.niccs.org.cn/niccs/Round1Additional/pc/content/content_2101560625907453952.html"
"kex-06","MAMBA-NIKE","kex","MAMBA-NIKE-384","2848","","","unavailable","Implementations/Reference_Implementation/MAMBA-NIKE-384","https://www.niccs.org.cn/niccs/Round1Additional/pc/content/content_2101560625907453952.html"
"kex-06","MAMBA-NIKE","kex","MAMBA-NIKE-512","2848","","","unavailable","Implementations/Reference_Implementation/MAMBA-NIKE-512","https://www.niccs.org.cn/niccs/Round1Additional/pc/content/content_2101560625907453952.html"
"kex-07","NEV-AKE","kex","NEV_AKE_1024_1409_ICCS","1344","","","runnable","Implementations and Test_Vectors/Implementations/Reference_Implementation/NEV-AKE-R2","https://www.niccs.org.cn/niccs/Round1Additional/pc/content/content_2101560626045865984.html"
"kex-07","NEV-AKE","kex","NEV_AKE_1024_769_C_ICCS","1229","","","runnable","Implementations and Test_Vectors/Implementations/Reference_Implementation/NEV-AKE-C2-c","https://www.niccs.org.cn/niccs/Round1Additional/pc/content/content_2101560626045865984.html"
"kex-07","NEV-AKE","kex","NEV_AKE_1024_769_ICCS","1229","","","runnable","Implementations and Test_Vectors/Implementations/Reference_Implementation/NEV-AKE-C2","https://www.niccs.org.cn/niccs/Round1Additional/pc/content/content_2101560626045865984.html"
"kex-07","NEV-AKE","kex","NEV_AKE_2048_1409_ICCS","2688","","","runnable","Implementations and Test_Vectors/Implementations/Reference_Implementation/NEV-AKE-R3","https://www.niccs.org.cn/niccs/Round1Additional/pc/content/content_2101560626045865984.html"
"kex-07","NEV-AKE","kex","NEV_AKE_2048_769_C_ICCS","2458","","","runnable","Implementations and Test_Vectors/Implementations/Reference_Implementation/NEV-AKE-C3-c","https://www.niccs.org.cn/niccs/Round1Additional/pc/content/content_2101560626045865984.html"
"kex-07","NEV-AKE","kex","NEV_AKE_2048_769_ICCS","2458","","","runnable","Implementations and Test_Vectors/Implementations/Reference_Implementation/NEV-AKE-C3","https://www.niccs.org.cn/niccs/Round1Additional/pc/content/content_2101560626045865984.html"
"kex-07","NEV-AKE","kex","NEV_AKE_512_1409_ICCS","672","","","runnable","Implementations and Test_Vectors/Implementations/Reference_Implementation/NEV-AKE-R1","https://www.niccs.org.cn/niccs/Round1Additional/pc/content/content_2101560626045865984.html"
"kex-07","NEV-AKE","kex","NEV_AKE_512_769_C_ICCS","615","","","runnable","Implementations and Test_Vectors/Implementations/Reference_Implementation/NEV-AKE-C1-c","https://www.niccs.org.cn/niccs/Round1Additional/pc/content/content_2101560626045865984.html"
"kex-07","NEV-AKE","kex","NEV_AKE_512_769_ICCS","615","","","runnable","Implementations and Test_Vectors/Implementations/Reference_Implementation/NEV-AKE-C1","https://www.niccs.org.cn/niccs/Round1Additional/pc/content/content_2101560626045865984.html"
"kex-08","NIIKE","kex","NIIKE-lv128","4160","","","unavailable","Implementations and Test_Vectors/Implementations/Reference_Implementation","https://www.niccs.org.cn/niccs/Round1Additional/pc/content/content_2101560626184278016.html"
"kex-08","NIIKE","kex","NIIKE-lv256","8960","","","unavailable","Implementations and Test_Vectors/Implementations/Reference_Implementation","https://www.niccs.org.cn/niccs/Round1Additional/pc/content/content_2101560626184278016.html"
"kex-08","NIIKE","kex","NIIKE-lv512","41000","","","unavailable","Implementations and Test_Vectors/Implementations/Reference_Implementation","https://www.niccs.org.cn/niccs/Round1Additional/pc/content/content_2101560626184278016.html"
"kex-09","TriQ-KEX","kex","TriQ-KEX-128","2054","","","runnable","TriQ-KEX/Implementations/Reference_Implementation/TriQ-KEX-128","https://www.niccs.org.cn/niccs/Round1Additional/pc/content/content_2101560626335272960.html"
"kex-09","TriQ-KEX","kex","TriQ-KEX-256","6328","","","runnable","TriQ-KEX/Implementations/Reference_Implementation/TriQ-KEX-256","https://www.niccs.org.cn/niccs/Round1Additional/pc/content/content_2101560626335272960.html"
"kex-09","TriQ-KEX","kex","TriQ-KEX-384","12255","","","runnable","TriQ-KEX/Implementations/Reference_Implementation/TriQ-KEX-384","https://www.niccs.org.cn/niccs/Round1Additional/pc/content/content_2101560626335272960.html"
"kex-09","TriQ-KEX","kex","TriQ-KEX-512","19768","","","runnable","TriQ-KEX/Implementations/Reference_Implementation/TriQ-KEX-512","https://www.niccs.org.cn/niccs/Round1Additional/pc/content/content_2101560626335272960.html"
"hash-01","AFS-TrEDM","hash","AFS-TrEDM-1024","","","","runnable","AFS-TrEDM/Implementations/Reference_Implementation/AFS-TrEDM-1024","https://www.niccs.org.cn/niccs/Round1Submissions4/pc/content/content_2101541113569038336.html"
"hash-01","AFS-TrEDM","hash","AFS-TrEDM-512","","","","runnable","AFS-TrEDM/Implementations/Reference_Implementation/AFS-TrEDM-512","https://www.niccs.org.cn/niccs/Round1Submissions4/pc/content/content_2101541113569038336.html"
"hash-01","AFS-TrEDM","hash","AFS-TrEDM-768","","","","runnable","AFS-TrEDM/Implementations/Reference_Implementation/AFS-TrEDM-768","https://www.niccs.org.cn/niccs/Round1Submissions4/pc/content/content_2101541113569038336.html"
"hash-02","AXIS: Advanced eXpandable Iterative Stream-based Hash","hash","AXIS-1024","","","","runnable","AXIS/Implementations/Reference_Implementation/AXIS-1024","https://www.niccs.org.cn/niccs/Round1Submissions4/pc/content/content_2101540899009417216.html"
"hash-02","AXIS: Advanced eXpandable Iterative Stream-based Hash","hash","AXIS-512","","","","runnable","AXIS/Implementations/Reference_Implementation/AXIS-512","https://www.niccs.org.cn/niccs/Round1Submissions4/pc/content/content_2101540899009417216.html"
"hash-02","AXIS: Advanced eXpandable Iterative Stream-based Hash","hash","AXIS-768","","","","runnable","AXIS/Implementations/Reference_Implementation/AXIS-768","https://www.niccs.org.cn/niccs/Round1Submissions4/pc/content/content_2101540899009417216.html"
"hash-03","C Hash","hash","CHash_1024","","","","runnable","C Hash/Implementations/Reference_Implementation/CHash_1024","https://www.niccs.org.cn/niccs/Round1Submissions4/pc/content/content_2101540728942972928.html"
"hash-03","C Hash","hash","CHash_512","","","","runnable","C Hash/Implementations/Reference_Implementation/CHash_512","https://www.niccs.org.cn/niccs/Round1Submissions4/pc/content/content_2101540728942972928.html"
"hash-04","CHAMP","hash","CHAMP-1024","","","","runnable","CHAMP/Implementations and Test_Vectors/API_CryptHash/Implementations/Reference_Implementation/CHAMP-1024","https://www.niccs.org.cn/niccs/Round1Submissions4/pc/content/content_2101540375996485632.html"
"hash-04","CHAMP","hash","CHAMP-512","","","","runnable","CHAMP/Implementations and Test_Vectors/API_CryptHash/Implementations/Reference_Implementation/CHAMP-512","https://www.niccs.org.cn/niccs/Round1Submissions4/pc/content/content_2101540375996485632.html"
"hash-05","Cryptographic Hash Algorithm uHash","hash","uHash-1024","","","","runnable","uHash/Implementations/3 实现代码/Implementations/Reference_Implementation/uHash-1024","https://www.niccs.org.cn/niccs/Round1Submissions4/pc/content/content_2101540182026702848.html"
"hash-05","Cryptographic Hash Algorithm uHash","hash","uHash-512","","","","runnable","uHash/Implementations/3 实现代码/Implementations/Reference_Implementation/uHash-512","https://www.niccs.org.cn/niccs/Round1Submissions4/pc/content/content_2101540182026702848.html"
"hash-05","Cryptographic Hash Algorithm uHash","hash","uHash-768","","","","runnable","uHash/Implementations/3 实现代码/Implementations/Reference_Implementation/uHash-768","https://www.niccs.org.cn/niccs/Round1Submissions4/pc/content/content_2101540182026702848.html"
"hash-06","Cuishen","hash","Cuishen-1024","","","","runnable","Cuishen/Implementations/Reference_Implementation/Cuishen-1024","https://www.niccs.org.cn/niccs/Round1Submissions4/pc/content/content_2101539989910802432.html"
"hash-06","Cuishen","hash","Cuishen-512","","","","runnable","Cuishen/Implementations/Reference_Implementation/Cuishen-512","https://www.niccs.org.cn/niccs/Round1Submissions4/pc/content/content_2101539989910802432.html"
"hash-06","Cuishen","hash","Cuishen-768","","","","runnable","Cuishen/Implementations/Reference_Implementation/Cuishen-768","https://www.niccs.org.cn/niccs/Round1Submissions4/pc/content/content_2101539989910802432.html"
"hash-07","Dragon Hash Family","hash","Dragon-1024","","","","runnable","Dragon/Implementations and Test_vector/Dragon-x86/Implementations/Reference_Implementation/Dragon-1024","https://www.niccs.org.cn/niccs/Round1Submissions4/pc/content/content_2101539781751689216.html"
"hash-07","Dragon Hash Family","hash","Dragon-512","","","","runnable","Dragon/Implementations and Test_vector/Dragon-x86/Implementations/Reference_Implementation/Dragon-512","https://www.niccs.org.cn/niccs/Round1Submissions4/pc/content/content_2101539781751689216.html"
"hash-07","Dragon Hash Family","hash","Dragon-768","","","","runnable","Dragon/Implementations and Test_vector/Dragon-x86/Implementations/Reference_Implementation/Dragon-768","https://www.niccs.org.cn/niccs/Round1Submissions4/pc/content/content_2101539781751689216.html"
"hash-07","Dragon Hash Family","hash","Dragon-XOF-256","","","","runnable","Dragon/Implementations and Test_vector/Dragon-x86/Implementations/Reference_Implementation/Dragon-XOF-256","https://www.niccs.org.cn/niccs/Round1Submissions4/pc/content/content_2101539781751689216.html"
"hash-07","Dragon Hash Family","hash","Dragon-XOF-384","","","","runnable","Dragon/Implementations and Test_vector/Dragon-x86/Implementations/Reference_Implementation/Dragon-XOF-384","https://www.niccs.org.cn/niccs/Round1Submissions4/pc/content/content_2101539781751689216.html"
"hash-07","Dragon Hash Family","hash","Dragon-XOF-512","","","","runnable","Dragon/Implementations and Test_vector/Dragon-x86/Implementations/Reference_Implementation/Dragon-XOF-512","https://www.niccs.org.cn/niccs/Round1Submissions4/pc/content/content_2101539781751689216.html"
"hash-08","Duet","hash","Duet-1024","","","","runnable","Duet/Implementations/Reference_Implementation/Duet-1024","https://www.niccs.org.cn/niccs/Round1Submissions4/pc/content/content_2101539583977672704.html"
"hash-08","Duet","hash","Duet-512","","","","runnable","Duet/Implementations/Reference_Implementation/Duet-512","https://www.niccs.org.cn/niccs/Round1Submissions4/pc/content/content_2101539583977672704.html"
"hash-08","Duet","hash","Duet-768","","","","runnable","Duet/Implementations/Reference_Implementation/Duet-768","https://www.niccs.org.cn/niccs/Round1Submissions4/pc/content/content_2101539583977672704.html"
"hash-09","Eijen Hash Function","hash","Eijen-1024","","","","runnable","Eijen/Implementations/Reference_Implementation/Eijen-1024","https://www.niccs.org.cn/niccs/Round1Submissions4/pc/content/content_2101539361927024640.html"
"hash-09","Eijen Hash Function","hash","Eijen-256","","","","runnable","Eijen/Implementations/Reference_Implementation/Eijen-256","https://www.niccs.org.cn/niccs/Round1Submissions4/pc/content/content_2101539361927024640.html"
"hash-09","Eijen Hash Function","hash","Eijen-384","","","","runnable","Eijen/Implementations/Reference_Implementation/Eijen-384","https://www.niccs.org.cn/niccs/Round1Submissions4/pc/content/content_2101539361927024640.html"
"hash-09","Eijen Hash Function","hash","Eijen-512","","","","runnable","Eijen/Implementations/Reference_Implementation/Eijen-512","https://www.niccs.org.cn/niccs/Round1Submissions4/pc/content/content_2101539361927024640.html"
"hash-09","Eijen Hash Function","hash","Eijen-768","","","","runnable","Eijen/Implementations/Reference_Implementation/Eijen-768","https://www.niccs.org.cn/niccs/Round1Submissions4/pc/content/content_2101539361927024640.html"
"hash-10","FEILIAN","hash","FEILIAN1024","","","","runnable","FEILIAN/Implementations/Reference_Implementation/FEILIAN1024","https://www.niccs.org.cn/niccs/Round1Submissions4/pc/content/content_2101539111250251776.html"
"hash-10","FEILIAN","hash","FEILIAN512","","","","runnable","FEILIAN/Implementations/Reference_Implementation/FEILIAN512","https://www.niccs.org.cn/niccs/Round1Submissions4/pc/content/content_2101539111250251776.html"
"hash-10","FEILIAN","hash","FEILIAN768","","","","runnable","FEILIAN/Implementations/Reference_Implementation/FEILIAN768","https://www.niccs.org.cn/niccs/Round1Submissions4/pc/content/content_2101539111250251776.html"
"hash-11","Garnet","hash","Garnet_1024","","","","runnable","Garnet/Implementations/API_CryptHash/Implementations/Reference_Implementation/Garnet","https://www.niccs.org.cn/niccs/Round1Submissions4/pc/content/content_2101538925484527616.html"
"hash-11","Garnet","hash","Garnet_1024_DM4x4","","","","unavailable","Garnet/Implementations/API_CryptHash/Implementations/Reference_Implementation/Garnet","https://www.niccs.org.cn/niccs/Round1Submissions4/pc/content/content_2101538925484527616.html"
"hash-11","Garnet","hash","Garnet_512_Cap1024","","","","runnable","Garnet/Implementations/API_CryptHash/Implementations/Reference_Implementation/Garnet","https://www.niccs.org.cn/niccs/Round1Submissions4/pc/content/content_2101538925484527616.html"
"hash-11","Garnet","hash","Garnet_512_Cap512","","","","runnable","Garnet/Implementations/API_CryptHash/Implementations/Reference_Implementation/Garnet","https://www.niccs.org.cn/niccs/Round1Submissions4/pc/content/content_2101538925484527616.html"
"hash-11","Garnet","hash","Garnet_512_Cap640","","","","runnable","Garnet/Implementations/API_CryptHash/Implementations/Reference_Implementation/Garnet","https://www.niccs.org.cn/niccs/Round1Submissions4/pc/content/content_2101538925484527616.html"
"hash-11","Garnet","hash","Garnet_512_Cap768","","","","runnable","Garnet/Implementations/API_CryptHash/Implementations/Reference_Implementation/Garnet","https://www.niccs.org.cn/niccs/Round1Submissions4/pc/content/content_2101538925484527616.html"
"hash-11","Garnet","hash","Garnet_512_Cap896","","","","runnable","Garnet/Implementations/API_CryptHash/Implementations/Reference_Implementation/Garnet","https://www.niccs.org.cn/niccs/Round1Submissions4/pc/content/content_2101538925484527616.html"
"hash-11","Garnet","hash","Garnet_768","","","","runnable","Garnet/Implementations/API_CryptHash/Implementations/Reference_Implementation/Garnet","https://www.niccs.org.cn/niccs/Round1Submissions4/pc/content/content_2101538925484527616.html"
"hash-12","Iphe","hash","Iphe-1024","","","","runnable","Iphe/Implementations/Reference_Implementation/Iphe-1024","https://www.niccs.org.cn/niccs/Round1Submissions4/pc/content/content_2101538722543128576.html"
"hash-12","Iphe","hash","Iphe-512","","","","runnable","Iphe/Implementations/Reference_Implementation/Iphe-512","https://www.niccs.org.cn/niccs/Round1Submissions4/pc/content/content_2101538722543128576.html"
"hash-12","Iphe","hash","Iphe-768","","","","runnable","Iphe/Implementations/Reference_Implementation/Iphe-768","https://www.niccs.org.cn/niccs/Round1Submissions4/pc/content/content_2101538722543128576.html"
"hash-13","JuziHash","hash","JuziHash-1024","","","","runnable","Juzi/Implementations/Implementation/Reference_Implementation/JuziHash-1024","https://www.niccs.org.cn/niccs/Round1Submissions4/pc/content/content_2101538489901862912.html"
"hash-13","JuziHash","hash","JuziHash-512","","","","runnable","Juzi/Implementations/Implementation/Reference_Implementation/JuziHash-512","https://www.niccs.org.cn/niccs/Round1Submissions4/pc/content/content_2101538489901862912.html"
"hash-14","Laurus","hash","laurus_1024","","","","runnable","Laurus/Implementations/Reference_Implementation/Laurus-1024","https://www.niccs.org.cn/niccs/Round1Submissions4/pc/content/content_2101538290232020992.html"
"hash-14","Laurus","hash","laurus_512","","","","runnable","Laurus/Implementations/Reference_Implementation/Laurus-512","https://www.niccs.org.cn/niccs/Round1Submissions4/pc/content/content_2101538290232020992.html"
"hash-14","Laurus","hash","laurus_768","","","","runnable","Laurus/Implementations/Reference_Implementation/Laurus-768","https://www.niccs.org.cn/niccs/Round1Submissions4/pc/content/content_2101538290232020992.html"
"hash-14","Laurus","hash","laurus_xof","","","","runnable","Laurus/Implementations/Reference_Implementation/Laurus-XOF","https://www.niccs.org.cn/niccs/Round1Submissions4/pc/content/content_2101538290232020992.html"
"hash-15","Litchi","hash","litchi_1024","","","","runnable","Litchi/Implementations/Reference_Implementation/Litchi-1024","https://www.niccs.org.cn/niccs/Round1Submissions4/pc/content/content_2101538083238924288.html"
"hash-15","Litchi","hash","litchi_512","","","","runnable","Litchi/Implementations/Reference_Implementation/Litchi-512","https://www.niccs.org.cn/niccs/Round1Submissions4/pc/content/content_2101538083238924288.html"
"hash-15","Litchi","hash","litchi_768","","","","runnable","Litchi/Implementations/Reference_Implementation/Litchi-768","https://www.niccs.org.cn/niccs/Round1Submissions4/pc/content/content_2101538083238924288.html"
"hash-15","Litchi","hash","litchi_xof","","","","runnable","Litchi/Implementations/Reference_Implementation/Litchi-XOF","https://www.niccs.org.cn/niccs/Round1Submissions4/pc/content/content_2101538083238924288.html"
"hash-16","LLH","hash","LLH-1024","","","","runnable","LLH/Implementations and Test_Vectors/LLH_C/API_CryptHash/Implementations/Reference_Implementation/LLH-1024","https://www.niccs.org.cn/niccs/Round1Submissions4/pc/content/content_2101537750001471488.html"
"hash-16","LLH","hash","LLH-256","","","","runnable","LLH/Implementations and Test_Vectors/LLH_C/API_CryptHash/Implementations/Reference_Implementation/LLH-256","https://www.niccs.org.cn/niccs/Round1Submissions4/pc/content/content_2101537750001471488.html"
"hash-16","LLH","hash","LLH-512","","","","runnable","LLH/Implementations and Test_Vectors/LLH_C/API_CryptHash/Implementations/Reference_Implementation/LLH-512","https://www.niccs.org.cn/niccs/Round1Submissions4/pc/content/content_2101537750001471488.html"
"hash-16","LLH","hash","LLH-768","","","","runnable","LLH/Implementations and Test_Vectors/LLH_C/API_CryptHash/Implementations/Reference_Implementation/LLH-768","https://www.niccs.org.cn/niccs/Round1Submissions4/pc/content/content_2101537750001471488.html"
"hash-17","MasterCube","hash","MasterCube-1024","","","","runnable","MasterCube/Implementations/Reference_Implementation/MasterCube-1024","https://www.niccs.org.cn/niccs/Round1Submissions4/pc/content/content_2101537586067099648.html"
"hash-17","MasterCube","hash","MasterCube-512","","","","runnable","MasterCube/Implementations/Reference_Implementation/MasterCube-512","https://www.niccs.org.cn/niccs/Round1Submissions4/pc/content/content_2101537586067099648.html"
"hash-17","MasterCube","hash","MasterCube-768","","","","runnable","MasterCube/Implementations/Reference_Implementation/MasterCube-768","https://www.niccs.org.cn/niccs/Round1Submissions4/pc/content/content_2101537586067099648.html"
"hash-18","Megascon Hash Function","hash","MEGASCON-1024","","","","runnable","Megascon/Implementations/Reference_Implementation/MEGASCON-1024","https://www.niccs.org.cn/niccs/Round1Submissions4/pc/content/content_2101537413073031168.html"
"hash-18","Megascon Hash Function","hash","MEGASCON-384","","","","runnable","Megascon/Implementations/Reference_Implementation/MEGASCON-384","https://www.niccs.org.cn/niccs/Round1Submissions4/pc/content/content_2101537413073031168.html"
"hash-18","Megascon Hash Function","hash","MEGASCON-384-XOF-1024","","","","runnable","Megascon/Implementations/Reference_Implementation/MEGASCON-384-XOF","https://www.niccs.org.cn/niccs/Round1Submissions4/pc/content/content_2101537413073031168.html"
"hash-18","Megascon Hash Function","hash","MEGASCON-384-XOF-2048","","","","runnable","Megascon/Implementations/Reference_Implementation/MEGASCON-384-XOF","https://www.niccs.org.cn/niccs/Round1Submissions4/pc/content/content_2101537413073031168.html"
"hash-18","Megascon Hash Function","hash","MEGASCON-384-XOF-256","","","","runnable","Megascon/Implementations/Reference_Implementation/MEGASCON-384-XOF","https://www.niccs.org.cn/niccs/Round1Submissions4/pc/content/content_2101537413073031168.html"
"hash-18","Megascon Hash Function","hash","MEGASCON-512","","","","runnable","Megascon/Implementations/Reference_Implementation/MEGASCON-512","https://www.niccs.org.cn/niccs/Round1Submissions4/pc/content/content_2101537413073031168.html"
"hash-18","Megascon Hash Function","hash","MEGASCON-512-XOF-1024","","","","runnable","Megascon/Implementations/Reference_Implementation/MEGASCON-512-XOF","https://www.niccs.org.cn/niccs/Round1Submissions4/pc/content/content_2101537413073031168.html"
"hash-18","Megascon Hash Function","hash","MEGASCON-512-XOF-2048","","","","runnable","Megascon/Implementations/Reference_Implementation/MEGASCON-512-XOF","https://www.niccs.org.cn/niccs/Round1Submissions4/pc/content/content_2101537413073031168.html"
"hash-18","Megascon Hash Function","hash","MEGASCON-512-XOF-256","","","","runnable","Megascon/Implementations/Reference_Implementation/MEGASCON-512-XOF","https://www.niccs.org.cn/niccs/Round1Submissions4/pc/content/content_2101537413073031168.html"
"hash-18","Megascon Hash Function","hash","MEGASCON-768","","","","runnable","Megascon/Implementations/Reference_Implementation/MEGASCON-768","https://www.niccs.org.cn/niccs/Round1Submissions4/pc/content/content_2101537413073031168.html"
"hash-19","MoFang Hash Function","hash","MoFang_1024","","","","runnable","MoFang/Implementations/Reference_Implementation/MoFang-1024","https://www.niccs.org.cn/niccs/Round1Submissions4/pc/content/content_2101537228439769088.html"
"hash-19","MoFang Hash Function","hash","MoFang_256","","","","runnable","MoFang/Implementations/Reference_Implementation/MoFang-256","https://www.niccs.org.cn/niccs/Round1Submissions4/pc/content/content_2101537228439769088.html"
"hash-19","MoFang Hash Function","hash","MoFang_256_XOF","","","","runnable","MoFang/Implementations/Reference_Implementation/MoFang-256-XOF","https://www.niccs.org.cn/niccs/Round1Submissions4/pc/content/content_2101537228439769088.html"
"hash-19","MoFang Hash Function","hash","MoFang_512","","","","runnable","MoFang/Implementations/Reference_Implementation/MoFang-512","https://www.niccs.org.cn/niccs/Round1Submissions4/pc/content/content_2101537228439769088.html"
"hash-19","MoFang Hash Function","hash","MoFang_768","","","","runnable","MoFang/Implementations/Reference_Implementation/MoFang-768","https://www.niccs.org.cn/niccs/Round1Submissions4/pc/content/content_2101537228439769088.html"
"hash-19","MoFang Hash Function","hash","MoFang_768_XOF","","","","runnable","MoFang/Implementations/Reference_Implementation/MoFang-768-XOF","https://www.niccs.org.cn/niccs/Round1Submissions4/pc/content/content_2101537228439769088.html"
"hash-20","Mozi Hash Function","hash","MOZI-1024","","","","runnable","Mozi/Implementations/Reference_Implementation/MOZI-1024","https://www.niccs.org.cn/niccs/Round1Submissions4/pc/content/content_2101537013422968832.html"
"hash-20","Mozi Hash Function","hash","MOZI-384","","","","runnable","Mozi/Implementations/Reference_Implementation/MOZI-384","https://www.niccs.org.cn/niccs/Round1Submissions4/pc/content/content_2101537013422968832.html"
"hash-20","Mozi Hash Function","hash","MOZI-384-XOF-1024","","","","runnable","Mozi/Implementations/Reference_Implementation/MOZI-384-XOF","https://www.niccs.org.cn/niccs/Round1Submissions4/pc/content/content_2101537013422968832.html"
"hash-20","Mozi Hash Function","hash","MOZI-384-XOF-2048","","","","runnable","Mozi/Implementations/Reference_Implementation/MOZI-384-XOF","https://www.niccs.org.cn/niccs/Round1Submissions4/pc/content/content_2101537013422968832.html"
"hash-20","Mozi Hash Function","hash","MOZI-384-XOF-256","","","","runnable","Mozi/Implementations/Reference_Implementation/MOZI-384-XOF","https://www.niccs.org.cn/niccs/Round1Submissions4/pc/content/content_2101537013422968832.html"
"hash-20","Mozi Hash Function","hash","MOZI-512","","","","runnable","Mozi/Implementations/Reference_Implementation/MOZI-512","https://www.niccs.org.cn/niccs/Round1Submissions4/pc/content/content_2101537013422968832.html"
"hash-20","Mozi Hash Function","hash","MOZI-512-XOF-1024","","","","runnable","Mozi/Implementations/Reference_Implementation/MOZI-512-XOF","https://www.niccs.org.cn/niccs/Round1Submissions4/pc/content/content_2101537013422968832.html"
"hash-20","Mozi Hash Function","hash","MOZI-512-XOF-2048","","","","runnable","Mozi/Implementations/Reference_Implementation/MOZI-512-XOF","https://www.niccs.org.cn/niccs/Round1Submissions4/pc/content/content_2101537013422968832.html"
"hash-20","Mozi Hash Function","hash","MOZI-512-XOF-256","","","","runnable","Mozi/Implementations/Reference_Implementation/MOZI-512-XOF","https://www.niccs.org.cn/niccs/Round1Submissions4/pc/content/content_2101537013422968832.html"
"hash-20","Mozi Hash Function","hash","MOZI-768","","","","runnable","Mozi/Implementations/Reference_Implementation/MOZI-768","https://www.niccs.org.cn/niccs/Round1Submissions4/pc/content/content_2101537013422968832.html"
"hash-21","Neulaser","hash","Neulaser-1024","","","","runnable","Neulaser/Implementations and Test_Vectors/API_CryptHash/Implementations/Reference_Implementation/Neulaser-1024","https://www.niccs.org.cn/niccs/Round1Submissions4/pc/content/content_2101536800629149696.html"
"hash-21","Neulaser","hash","Neulaser-512","","","","runnable","Neulaser/Implementations and Test_Vectors/API_CryptHash/Implementations/Reference_Implementation/Neulaser-512","https://www.niccs.org.cn/niccs/Round1Submissions4/pc/content/content_2101536800629149696.html"
"hash-21","Neulaser","hash","Neulaser-768","","","","runnable","Neulaser/Implementations and Test_Vectors/API_CryptHash/Implementations/Reference_Implementation/Neulaser-768","https://www.niccs.org.cn/niccs/Round1Submissions4/pc/content/content_2101536800629149696.html"
"hash-22","Pavelor: A Highly Secure Hash Algorithm for Software Implementation","hash","Pavelor-1024","","","","runnable","Pavelor/Implementations and Test_Vectors/API_CryptHash/Implementations/Reference_Implementation/Pavelor-1024","https://www.niccs.org.cn/niccs/Round1Submissions4/pc/content/content_2101536571221692416.html"
"hash-22","Pavelor: A Highly Secure Hash Algorithm for Software Implementation","hash","Pavelor-512","","","","runnable","Pavelor/Implementations and Test_Vectors/API_CryptHash/Implementations/Reference_Implementation/Pavelor-512","https://www.niccs.org.cn/niccs/Round1Submissions4/pc/content/content_2101536571221692416.html"
"hash-22","Pavelor: A Highly Secure Hash Algorithm for Software Implementation","hash","Pavelor-768","","","","runnable","Pavelor/Implementations and Test_Vectors/API_CryptHash/Implementations/Reference_Implementation/Pavelor-768","https://www.niccs.org.cn/niccs/Round1Submissions4/pc/content/content_2101536571221692416.html"
"hash-23","QILIN","hash","QILIN-1024","","","","runnable","QILIN/Implementations/Reference_Implementation/QILIN-1024","https://www.niccs.org.cn/niccs/Round1Submissions4/pc/content/content_2101536372126470144.html"
"hash-23","QILIN","hash","QILIN-512","","","","runnable","QILIN/Implementations/Reference_Implementation/QILIN-512","https://www.niccs.org.cn/niccs/Round1Submissions4/pc/content/content_2101536372126470144.html"
"hash-23","QILIN","hash","QILIN-768","","","","runnable","QILIN/Implementations/Reference_Implementation/QILIN-768","https://www.niccs.org.cn/niccs/Round1Submissions4/pc/content/content_2101536372126470144.html"
"hash-24","QuantaSylva Hash","hash","QSH-1024","","","","runnable","QSH/Implementations/03_Implementations/1_Reference_Implementation/QSH-1024","https://www.niccs.org.cn/niccs/Round1Submissions4/pc/content/content_2101536223673274368.html"
"hash-24","QuantaSylva Hash","hash","QSH-512","","","","runnable","QSH/Implementations/03_Implementations/1_Reference_Implementation/QSH-512","https://www.niccs.org.cn/niccs/Round1Submissions4/pc/content/content_2101536223673274368.html"
"hash-24","QuantaSylva Hash","hash","QSH-768","","","","runnable","QSH/Implementations/03_Implementations/1_Reference_Implementation/QSH-768","https://www.niccs.org.cn/niccs/Round1Submissions4/pc/content/content_2101536223673274368.html"
"hash-25","TaiChi","hash","TaiChi-1024","","","","runnable","TaiChi/Implementations/Reference_Implementation/TaiChi-1024","https://www.niccs.org.cn/niccs/Round1Submissions4/pc/content/content_2101536036577955840.html"
"hash-25","TaiChi","hash","TaiChi-512","","","","runnable","TaiChi/Implementations/Reference_Implementation/TaiChi-512","https://www.niccs.org.cn/niccs/Round1Submissions4/pc/content/content_2101536036577955840.html"
"hash-25","TaiChi","hash","TaiChi-768","","","","runnable","TaiChi/Implementations/Reference_Implementation/TaiChi-768","https://www.niccs.org.cn/niccs/Round1Submissions4/pc/content/content_2101536036577955840.html"
"hash-26","The Hash Function CHIME","hash","CHIME-1024","","","","runnable","CHIME/Implementations/Reference_Implementation/CHIME-1024","https://www.niccs.org.cn/niccs/Round1Submissions4/pc/content/content_2101535839617634304.html"
"hash-26","The Hash Function CHIME","hash","CHIME-512","","","","runnable","CHIME/Implementations/Reference_Implementation/CHIME-512","https://www.niccs.org.cn/niccs/Round1Submissions4/pc/content/content_2101535839617634304.html"
"hash-27","The Vedak Hash Function Family","hash","Vedak-1024","","","","runnable","Vedak/Implementations/Reference_Implementation/Vedak-1024","https://www.niccs.org.cn/niccs/Round1Submissions4/pc/content/content_2101535609849466880.html"
"hash-27","The Vedak Hash Function Family","hash","Vedak-512","","","","runnable","Vedak/Implementations/Reference_Implementation/Vedak-512","https://www.niccs.org.cn/niccs/Round1Submissions4/pc/content/content_2101535609849466880.html"
"hash-27","The Vedak Hash Function Family","hash","Vedak-768","","","","runnable","Vedak/Implementations/Reference_Implementation/Vedak-768","https://www.niccs.org.cn/niccs/Round1Submissions4/pc/content/content_2101535609849466880.html"
"hash-28","The XRH-1 Hash Function","hash","XRH-1-1024","","","","runnable","XRH-1/Implementations/Reference_Implementation/XRH-1-1024","https://www.niccs.org.cn/niccs/Round1Submissions4/pc/content/content_2101535400742440960.html"
"hash-28","The XRH-1 Hash Function","hash","XRH-1-512","","","","runnable","XRH-1/Implementations/Reference_Implementation/XRH-1-512","https://www.niccs.org.cn/niccs/Round1Submissions4/pc/content/content_2101535400742440960.html"
"hash-28","The XRH-1 Hash Function","hash","XRH-1-768","","","","runnable","XRH-1/Implementations/Reference_Implementation/XRH-1-768","https://www.niccs.org.cn/niccs/Round1Submissions4/pc/content/content_2101535400742440960.html"
"hash-29","The XRH-2 Hash Function","hash","XRH-2-1024","","","","runnable","XRH-2/Implementations/Reference_Implementation/XRH-2-1024","https://www.niccs.org.cn/niccs/Round1Submissions4/pc/content/content_2101534893223268352.html"
"hash-29","The XRH-2 Hash Function","hash","XRH-2-512","","","","runnable","XRH-2/Implementations/Reference_Implementation/XRH-2-512","https://www.niccs.org.cn/niccs/Round1Submissions4/pc/content/content_2101534893223268352.html"
"hash-29","The XRH-2 Hash Function","hash","XRH-2-768","","","","runnable","XRH-2/Implementations/Reference_Implementation/XRH-2-768","https://www.niccs.org.cn/niccs/Round1Submissions4/pc/content/content_2101534893223268352.html"
"hash-30","The ZC-DM Hash Function","hash","ZC-DM-1280-1024","","","","runnable","ZC-DM/Implementations/Implementations/Reference_Implementation/ZC-DM-1280-1024","https://www.niccs.org.cn/niccs/Round1Submissions4/pc/content/content_2101534683994607616.html"
"hash-30","The ZC-DM Hash Function","hash","ZC-DM-1280-512","","","","runnable","ZC-DM/Implementations/Implementations/Reference_Implementation/ZC-DM-1280-512","https://www.niccs.org.cn/niccs/Round1Submissions4/pc/content/content_2101534683994607616.html"
"hash-30","The ZC-DM Hash Function","hash","ZC-DM-1280-768","","","","runnable","ZC-DM/Implementations/Implementations/Reference_Implementation/ZC-DM-1280-768","https://www.niccs.org.cn/niccs/Round1Submissions4/pc/content/content_2101534683994607616.html"
"hash-30","The ZC-DM Hash Function","hash","ZC-DM-1536-1024","","","","runnable","ZC-DM/Implementations/Implementations/Reference_Implementation/ZC-DM-1536-1024","https://www.niccs.org.cn/niccs/Round1Submissions4/pc/content/content_2101534683994607616.html"
"hash-30","The ZC-DM Hash Function","hash","ZC-DM-1536-512","","","","runnable","ZC-DM/Implementations/Implementations/Reference_Implementation/ZC-DM-1536-512","https://www.niccs.org.cn/niccs/Round1Submissions4/pc/content/content_2101534683994607616.html"
"hash-30","The ZC-DM Hash Function","hash","ZC-DM-1536-768","","","","runnable","ZC-DM/Implementations/Implementations/Reference_Implementation/ZC-DM-1536-768","https://www.niccs.org.cn/niccs/Round1Submissions4/pc/content/content_2101534683994607616.html"
"hash-31","The ZC-DMC Hash Function","hash","ZC-DMC-1280-1024","","","","runnable","ZC-DMC/Implementations/Implementations/Reference_Implementation/ZC-DMC-1280-1024","https://www.niccs.org.cn/niccs/Round1Submissions4/pc/content/content_2101534457934204928.html"
"hash-31","The ZC-DMC Hash Function","hash","ZC-DMC-1280-512","","","","runnable","ZC-DMC/Implementations/Implementations/Reference_Implementation/ZC-DMC-1280-512","https://www.niccs.org.cn/niccs/Round1Submissions4/pc/content/content_2101534457934204928.html"
"hash-31","The ZC-DMC Hash Function","hash","ZC-DMC-1280-768","","","","runnable","ZC-DMC/Implementations/Implementations/Reference_Implementation/ZC-DMC-1280-768","https://www.niccs.org.cn/niccs/Round1Submissions4/pc/content/content_2101534457934204928.html"
"hash-31","The ZC-DMC Hash Function","hash","ZC-DMC-1536-1024","","","","runnable","ZC-DMC/Implementations/Implementations/Reference_Implementation/ZC-DMC-1536-1024","https://www.niccs.org.cn/niccs/Round1Submissions4/pc/content/content_2101534457934204928.html"
"hash-31","The ZC-DMC Hash Function","hash","ZC-DMC-1536-512","","","","runnable","ZC-DMC/Implementations/Implementations/Reference_Implementation/ZC-DMC-1536-512","https://www.niccs.org.cn/niccs/Round1Submissions4/pc/content/content_2101534457934204928.html"
"hash-31","The ZC-DMC Hash Function","hash","ZC-DMC-1536-768","","","","runnable","ZC-DMC/Implementations/Implementations/Reference_Implementation/ZC-DMC-1536-768","https://www.niccs.org.cn/niccs/Round1Submissions4/pc/content/content_2101534457934204928.html"
"hash-32","The ZC-EDMC Hash Function","hash","ZC-EDMC-1280-1024","","","","runnable","ZC-EDMC/Implementations/Implementations/Reference_Implementation/ZC-EDMC-1280-1024","https://www.niccs.org.cn/niccs/Round1Submissions4/pc/content/content_2101534201922277376.html"
"hash-32","The ZC-EDMC Hash Function","hash","ZC-EDMC-1280-512","","","","runnable","ZC-EDMC/Implementations/Implementations/Reference_Implementation/ZC-EDMC-1280-512","https://www.niccs.org.cn/niccs/Round1Submissions4/pc/content/content_2101534201922277376.html"
"hash-32","The ZC-EDMC Hash Function","hash","ZC-EDMC-1280-768","","","","runnable","ZC-EDMC/Implementations/Implementations/Reference_Implementation/ZC-EDMC-1280-768","https://www.niccs.org.cn/niccs/Round1Submissions4/pc/content/content_2101534201922277376.html"
"hash-32","The ZC-EDMC Hash Function","hash","ZC-EDMC-1536-1024","","","","runnable","ZC-EDMC/Implementations/Implementations/Reference_Implementation/ZC-EDMC-1536-1024","https://www.niccs.org.cn/niccs/Round1Submissions4/pc/content/content_2101534201922277376.html"
"hash-32","The ZC-EDMC Hash Function","hash","ZC-EDMC-1536-512","","","","runnable","ZC-EDMC/Implementations/Implementations/Reference_Implementation/ZC-EDMC-1536-512","https://www.niccs.org.cn/niccs/Round1Submissions4/pc/content/content_2101534201922277376.html"
"hash-32","The ZC-EDMC Hash Function","hash","ZC-EDMC-1536-768","","","","runnable","ZC-EDMC/Implementations/Implementations/Reference_Implementation/ZC-EDMC-1536-768","https://www.niccs.org.cn/niccs/Round1Submissions4/pc/content/content_2101534201922277376.html"
"hash-33","Thunder Hash Family","hash","Thunder-1024","","","","runnable","Thunder/Implementations and Test_vector/Thunder-X86/Implementations/Reference_Implementation/Thunder-1024","https://www.niccs.org.cn/niccs/Round1Submissions4/pc/content/content_2101533797931110400.html"
"hash-33","Thunder Hash Family","hash","Thunder-512","","","","runnable","Thunder/Implementations and Test_vector/Thunder-X86/Implementations/Reference_Implementation/Thunder-512","https://www.niccs.org.cn/niccs/Round1Submissions4/pc/content/content_2101533797931110400.html"
"hash-33","Thunder Hash Family","hash","Thunder-768","","","","runnable","Thunder/Implementations and Test_vector/Thunder-X86/Implementations/Reference_Implementation/Thunder-768","https://www.niccs.org.cn/niccs/Round1Submissions4/pc/content/content_2101533797931110400.html"
"hash-33","Thunder Hash Family","hash","Thunder-XOF-256","","","","runnable","Thunder/Implementations and Test_vector/Thunder-X86/Implementations/Reference_Implementation/Thunder-XOF-256","https://www.niccs.org.cn/niccs/Round1Submissions4/pc/content/content_2101533797931110400.html"
"hash-33","Thunder Hash Family","hash","Thunder-XOF-384","","","","runnable","Thunder/Implementations and Test_vector/Thunder-X86/Implementations/Reference_Implementation/Thunder-XOF-384","https://www.niccs.org.cn/niccs/Round1Submissions4/pc/content/content_2101533797931110400.html"
"hash-33","Thunder Hash Family","hash","Thunder-XOF-512","","","","runnable","Thunder/Implementations and Test_vector/Thunder-X86/Implementations/Reference_Implementation/Thunder-XOF-512","https://www.niccs.org.cn/niccs/Round1Submissions4/pc/content/content_2101533797931110400.html"
"hash-34","WChain Hash Function","hash","WChain-V1-512","","","","runnable","WChain/Implementations and Test_Vectors/Implementations/Reference_Implementation/WChain-V1-512","https://www.niccs.org.cn/niccs/Round1Submissions4/pc/content/content_2101533578757754880.html"
"hash-34","WChain Hash Function","hash","WChain-V2-1024","","","","runnable","WChain/Implementations and Test_Vectors/Implementations/Reference_Implementation/WChain-V2-1024","https://www.niccs.org.cn/niccs/Round1Submissions4/pc/content/content_2101533578757754880.html"
"hash-35","Wish Hash Function","hash","Wish1024","","","","runnable","Wish/Implementations/Reference_Implementation/Wish1024_reference","https://www.niccs.org.cn/niccs/Round1Submissions4/pc/content/content_2101533368094642176.html"
"hash-35","Wish Hash Function","hash","Wish512","","","","runnable","Wish/Implementations/Reference_Implementation/Wish512_reference","https://www.niccs.org.cn/niccs/Round1Submissions4/pc/content/content_2101533368094642176.html"
